10,47
10.01,35
10.02,39
10.03,43
10.04,32
10.05,42
10.06,40
10.07,35
10.08,34
10.09,45
10.1,43
10.11,43
10.12,41
10.13,44
10.14,43
10.15,40
10.16,46
10.17,46
10.18,41
10.19,42
10.2,37
10.21,43
10.22,34
10.23,39
10.24,46
10.25,33
10.26,47
10.27,44
10.28,39
10.29,38
10.3,46
10.31,35
10.32,40
10.33,29
10.34,50
10.35,33
10.36,41
10.37,41
10.38,34
10.39,38
10.4,41
10.41,36
10.42,39
10.43,43
10.44,46
10.45,40
10.46,53
10.47,39
10.48,55
10.49,38
10.5,38
10.51,40
10.52,33
10.53,43
10.54,35
10.55,40
10.56,39
10.57,35
10.58,43
10.59,36
10.6,28
10.61,40
10.62,46
10.63,30
10.64,43
10.65,46
10.66,40
10.67,33
10.68,37
10.69,30
10.7,25
10.71,34
10.72,33
10.73,44
10.74,43
10.75,44
10.76,49
10.77,44
10.78,36
10.79,37
10.8,39
10.81,29
10.82,38
10.83,42
10.84,35
10.85,45
10.86,37
10.87,46
10.88,35
10.89,30
10.9,38
10.91,29
10.92,31
10.93,35
10.94,38
10.95,43
10.96,42
10.97,33
10.98,43
10.99,40
11,31
11.01,38
11.02,32
11.03,39
11.04,29
11.05,29
11.06,45
11.07,42
11.08,33
11.09,18
11.1,26
11.11,35
11.12,41
11.13,36
11.14,37
11.15,42
11.16,36
11.17,37
11.18,25
11.19,39
11.2,34
11.21,38
11.22,31
11.23,25
11.24,35
11.25,42
11.26,38
11.27,33
11.28,26
11.29,28
11.3,45
11.31,41
11.32,34
11.33,39
11.34,36
11.35,35
11.36,45
11.37,37
11.38,37
11.39,31
11.4,33
11.41,39
11.42,27
11.43,42
11.44,34
11.45,33
11.46,41
11.47,34
11.48,38
11.49,37
11.5,25
11.51,43
11.52,36
11.53,30
11.54,34
11.55,31
11.56,49
11.57,33
11.58,33
11.59,42
11.6,39
11.61,33
11.62,39
11.63,40
11.64,43
11.65,33
11.66,38
11.67,36
11.68,35
11.69,25
11.7,37
11.71,34
11.72,29
11.73,32
11.74,42
11.75,42
11.76,19
11.77,21
11.78,32
11.79,40
11.8,34
11.81,34
11.82,37
11.83,34
11.84,28
11.85,44
11.86,34
11.87,37
11.88,43
11.89,31
11.9,47
11.91,40
11.92,39
11.93,33
11.94,42
11.95,21
11.96,30
11.97,28
11.98,39
11.99,38
12,34
12.01,36
12.02,40
12.03,26
12.04,27
12.05,43
12.06,38
12.07,31
12.08,30
12.09,32
12.1,29
12.11,39
12.12,38
12.13,44
12.14,33
12.15,29
12.16,30
12.17,30
12.18,34
12.19,38
12.2,33
12.21,32
12.22,32
12.23,36
12.24,47
12.25,30
12.26,28
12.27,30
12.28,30
12.29,34
12.3,40
12.31,30
12.32,24
12.33,39
12.34,40
12.35,31
12.36,22
12.37,27
12.38,39
12.39,24
12.4,28
12.41,37
12.42,35
12.43,35
12.44,32
12.45,38
12.46,24
12.47,34
12.48,35
12.49,51
12.5,30
12.51,37
12.52,34
12.53,42
12.54,40
12.55,46
12.56,32
12.57,28
12.58,38
12.59,28
12.6,40
12.61,36
12.62,38
12.63,34
12.64,28
12.65,36
12.66,30
12.67,42
12.68,30
12.69,24
12.7,28
12.71,50
12.72,36
12.73,42
12.74,26
12.75,32
12.76,38
12.77,42
12.78,30
12.79,24
12.8,40
12.81,34
12.82,50
12.83,50
12.84,24
12.85,36
12.86,22
12.87,28
12.88,30
12.89,44
12.9,36
12.91,34
12.92,22
12.93,32
12.94,36
12.95,36
12.96,22
12.97,40
12.98,20
12.99,22
13,26
13.01,30
13.02,26
13.03,30
13.04,36
13.05,32
13.06,30
13.07,34
13.08,42
13.09,34
13.1,38
13.11,28
13.12,28
13.13,30
13.14,30
13.15,32
13.16,28
13.17,32
13.18,30
13.19,30
13.2,42
13.21,42
13.22,28
13.23,34
13.24,28
13.25,32
13.26,38
13.27,38
13.28,42
13.29,28
13.3,44
13.31,22
13.32,38
13.33,28
13.34,22
13.35,44
13.36,32
13.37,34
13.38,28
13.39,28
13.4,30
13.41,36
13.42,32
13.43,42
13.44,32
13.45,34
13.46,28
13.47,24
13.48,34
13.49,30
13.5,28
13.51,38
13.52,40
13.53,42
13.54,26
13.55,36
13.56,38
13.57,24
13.58,38
13.59,22
13.6,42
13.61,22
13.62,34
13.63,46
13.64,28
13.65,34
13.66,20
13.67,34
13.68,32
13.69,64
13.7,34
13.71,38
13.72,24
13.73,30
13.74,24
13.75,24
13.76,54
13.77,26
13.78,18
13.79,46
13.8,36
13.81,28
13.82,20
13.83,30
13.84,38
13.85,30
13.86,30
13.87,16
13.88,32
13.89,36
13.9,20
13.91,22
13.92,26
13.93,38
13.94,28
13.95,24
13.96,36
13.97,34
13.98,34
13.99,38
14,38
14.01,30
14.02,32
14.03,20
14.04,18
14.05,32
14.06,30
14.07,26
14.08,34
14.09,38
14.1,46
14.11,28
14.12,36
14.13,32
14.14,32
14.15,28
14.16,34
14.17,20
14.18,34
14.19,24
14.2,42
14.21,22
14.22,24
14.23,32
14.24,26
14.25,30
14.26,28
14.27,44
14.28,30
14.29,36
14.3,34
14.31,40
14.32,34
14.33,32
14.34,54
14.35,36
14.36,40
14.37,42
14.38,28
14.39,20
14.4,28
14.41,42
14.42,46
14.43,34
14.44,22
14.45,36
14.46,44
14.47,26
14.48,42
14.49,12
14.5,26
14.51,36
14.52,36
14.53,36
14.54,22
14.55,54
14.56,42
14.57,38
14.58,42
14.59,20
14.6,30
14.61,46
14.62,26
14.63,40
14.64,48
14.65,46
14.66,50
14.67,30
14.68,44
14.69,28
14.7,32
14.71,24
14.72,34
14.73,24
14.74,22
14.75,38
14.76,42
14.77,38
14.78,46
14.79,24
14.8,22
14.81,38
14.82,24
14.83,38
14.84,30
14.85,54
14.86,42
14.87,42
14.88,38
14.89,20
14.9,46
14.91,42
14.92,40
14.93,34
14.94,42
14.95,38
14.96,40
14.97,54
14.98,38
14.99,36
15,36
15.01,28
15.02,50
15.03,44
15.04,26
15.05,36
15.06,38
15.07,52
15.08,50
15.09,36
15.1,20
15.11,22
15.12,30
15.13,28
15.14,28
15.15,32
15.16,30
15.17,32
15.18,50
15.19,54
15.2,34
15.21,18
15.22,24
15.23,52
15.24,54
15.25,44
15.26,34
15.27,40
15.28,24
15.29,40
15.3,34
15.31,26
15.32,24
15.33,16
15.34,48
15.35,32
15.36,34
15.37,32
15.38,32
15.39,28
15.4,34
15.41,36
15.42,44
15.43,32
15.44,36
15.45,26
15.46,42
15.47,26
15.48,28
15.49,48
15.5,36
15.51,54
15.52,30
15.53,28
15.54,40
15.55,20
15.56,40
15.57,40
15.58,30
15.59,36
15.6,42
15.61,30
15.62,44
15.63,52
15.64,36
15.65,36
15.66,36
15.67,32
15.68,66
15.69,28
15.7,42
15.71,42
15.72,36
15.73,44
15.74,32
15.75,24
15.76,38
15.77,32
15.78,50
15.79,24
15.8,34
15.81,32
15.82,28
15.83,52
15.84,52
15.85,46
15.86,38
15.87,38
15.88,42
15.89,22
15.9,36
15.91,42
15.92,34
15.93,26
15.94,34
15.95,40
15.96,26
15.97,42
15.98,26
15.99,32
16,44
16.01,44
16.02,30
16.03,40
16.04,32
16.05,56
16.06,44
16.07,30
16.08,36
16.09,24
16.1,52
16.11,48
16.12,38
16.13,32
16.14,42
16.15,34
16.16,46
16.17,34
16.18,28
16.19,42
16.2,28
16.21,26
16.22,30
16.23,46
16.24,30
16.25,38
16.26,42
16.27,40
16.28,58
16.29,52
16.3,28
16.31,38
16.32,36
16.33,32
16.34,32
16.35,24
16.36,36
16.37,28
16.38,42
16.39,28
16.4,30
16.41,48
16.42,48
16.43,38
16.44,46
16.45,44
16.46,40
16.47,34
16.48,36
16.49,30
16.5,42
16.51,42
16.52,24
16.53,56
16.54,46
16.55,36
16.56,30
16.57,32
16.58,24
16.59,44
16.6,44
16.61,36
16.62,48
16.63,30
16.64,34
16.65,44
16.66,38
16.67,28
16.68,34
16.69,36
16.7,54
16.71,48
16.72,34
16.73,36
16.74,54
16.75,44
16.76,44
16.77,50
16.78,48
16.79,46
16.8,46
16.81,34
16.82,36
16.83,30
16.84,42
16.85,50
16.86,58
16.87,56
16.88,50
16.89,42
16.9,54
16.91,54
16.92,42
16.93,34
16.94,14
16.95,42
16.96,32
16.97,30
16.98,30
16.99,34
17,44
17.01,50
17.02,48
17.03,56
17.04,38
17.05,38
17.06,52
17.07,30
17.08,42
17.09,56
17.1,36
17.11,56
17.12,26
17.13,34
17.14,38
17.15,36
17.16,30
17.17,28
17.18,26
17.19,22
17.2,30
17.21,30
17.22,32
17.23,30
17.24,32
17.25,44
17.26,40
17.27,42
17.28,32
17.29,50
17.3,38
17.31,34
17.32,44
17.33,42
17.34,42
17.35,46
17.36,52
17.37,26
17.38,36
17.39,32
17.4,32
17.41,40
17.42,26
17.43,34
17.44,58
17.45,48
17.46,48
17.47,26
17.48,36
17.49,42
17.5,36
17.51,28
17.52,42
17.53,38
17.54,42
17.55,44
17.56,28
17.57,42
17.58,42
17.59,32
17.6,38
17.61,40
17.62,38
17.63,30
17.64,42
17.65,60
17.66,28
17.67,50
17.68,46
17.69,38
17.7,22
17.71,40
17.72,34
17.73,32
17.74,50
17.75,38
17.76,24
17.77,28
17.78,34
17.79,36
17.8,44
17.81,36
17.82,36
17.83,40
17.84,40
17.85,48
17.86,34
17.87,28
17.88,32
17.89,52
17.9,46
17.91,38
17.92,48
17.93,46
17.94,30
17.95,28
17.96,50
17.97,32
17.98,62
17.99,34
18,32
18.01,40
18.02,52
18.03,44
18.04,44
18.05,48
18.06,48
18.07,44
18.08,30
18.09,42
18.1,40
18.11,28
18.12,44
18.13,36
18.14,30
18.15,50
18.16,40
18.17,26
18.18,36
18.19,40
18.2,36
18.21,40
18.22,34
18.23,26
18.24,36
18.25,20
18.26,54
18.27,22
18.28,36
18.29,36
18.3,32
18.31,38
18.32,28
18.33,36
18.34,46
18.35,24
18.36,30
18.37,28
18.38,42
18.39,26
18.4,40
18.41,46
18.42,36
18.43,42
18.44,38
18.45,48
18.46,48
18.47,20
18.48,44
18.49,42
18.5,28
18.51,26
18.52,42
18.53,28
18.54,30
18.55,56
18.56,38
18.57,32
18.58,36
18.59,30
18.6,44
18.61,24
18.62,40
18.63,42
18.64,38
18.65,50
18.66,34
18.67,36
18.68,42
18.69,44
18.7,16
18.71,24
18.72,46
18.73,42
18.74,44
18.75,28
18.76,60
18.77,44
18.78,40
18.79,38
18.8,42
18.81,32
18.82,34
18.83,44
18.84,40
18.85,48
18.86,38
18.87,38
18.88,54
18.89,36
18.9,38
18.91,38
18.92,46
18.93,34
18.94,54
18.95,38
18.96,46
18.97,36
18.98,26
18.99,38
19,32
19.01,40
19.02,36
19.03,44
19.04,30
19.05,42
19.06,28
19.07,36
19.08,34
19.09,34
19.1,34
19.11,38
19.12,32
19.13,40
19.14,32
19.15,58
19.16,20
19.17,20
19.18,40
19.19,42
19.2,42
19.21,40
19.22,22
19.23,46
19.24,48
19.25,38
19.26,32
19.27,40
19.28,38
19.29,36
19.3,46
19.31,18
19.32,28
19.33,18
19.34,40
19.35,42
19.36,36
19.37,30
19.38,26
19.39,30
19.4,30
19.41,26
19.42,18
19.43,28
19.44,34
19.45,34
19.46,40
19.47,44
19.48,28
19.49,30
19.5,34
19.51,18
19.52,34
19.53,38
19.54,42
19.55,36
19.56,42
19.57,30
19.58,28
19.59,46
19.6,30
19.61,38
19.62,42
19.63,34
19.64,38
19.65,34
19.66,38
19.67,48
19.68,24
19.69,28
19.7,32
19.71,36
19.72,38
19.73,48
19.74,32
19.75,40
19.76,26
19.77,50
19.78,48
19.79,32
19.8,36
19.81,32
19.82,24
19.83,36
19.84,40
19.85,32
19.86,46
19.87,32
19.88,38
19.89,36
19.9,36
19.91,36
19.92,32
19.93,36
19.94,18
19.95,22
19.96,30
19.97,26
19.98,44
19.99,28
20,30
20.01,40
20.02,26
20.03,32
20.04,36
20.05,24
20.06,26
20.07,26
20.08,38
20.09,32
20.1,36
20.11,38
20.12,48
20.13,36
20.14,46
20.15,32
20.16,20
20.17,40
20.18,34
20.19,16
20.2,52
20.21,18
20.22,22
20.23,40
20.24,38
20.25,30
20.26,40
20.27,24
20.28,48
20.29,34
20.3,36
20.31,42
20.32,22
20.33,42
20.34,50
20.35,36
20.36,26
20.37,28
20.38,46
20.39,12
20.4,38
20.41,30
20.42,48
20.43,36
20.44,42
20.45,40
20.46,50
20.47,30
20.48,28
20.49,30
20.5,36
20.51,28
20.52,18
20.53,44
20.54,26
20.55,40
20.56,34
20.57,30
20.58,30
20.59,30
20.6,42
20.61,32
20.62,24
20.63,44
20.64,26
20.65,34
20.66,32
20.67,46
20.68,46
20.69,32
20.7,46
20.71,30
20.72,38
20.73,36
20.74,44
20.75,44
20.76,36
20.77,50
20.78,30
20.79,32
20.8,30
20.81,40
20.82,36
20.83,26
20.84,32
20.85,32
20.86,40
20.87,42
20.88,42
20.89,46
20.9,26
20.91,28
20.92,30
20.93,34
20.94,30
20.95,42
20.96,24
20.97,34
20.98,38
20.99,42
21,36
21.01,38
21.02,40
21.03,30
21.04,30
21.05,38
21.06,34
21.07,44
21.08,32
21.09,42
21.1,34
21.11,50
21.12,26
21.13,38
21.14,30
21.15,44
21.16,28
21.17,22
21.18,24
21.19,32
21.2,36
21.21,48
21.22,28
21.23,34
21.24,26
21.25,26
21.26,34
21.27,38
21.28,30
21.29,22
21.3,38
21.31,42
21.32,30
21.33,40
21.34,46
21.35,36
21.36,48
21.37,30
21.38,44
21.39,24
21.4,28
21.41,30
21.42,36
21.43,42
21.44,34
21.45,42
21.46,28
21.47,32
21.48,36
21.49,22
21.5,54
21.51,26
21.52,40
21.53,44
21.54,28
21.55,36
21.56,34
21.57,28
21.58,34
21.59,34
21.6,28
21.61,46
21.62,42
21.63,28
21.64,46
21.65,34
21.66,30
21.67,38
21.68,32
21.69,36
21.7,30
21.71,32
21.72,32
21.73,40
21.74,34
21.75,36
21.76,36
21.77,40
21.78,46
21.79,36
21.8,38
21.81,34
21.82,26
21.83,32
21.84,30
21.85,34
21.86,46
21.87,38
21.88,34
21.89,34
21.9,38
21.91,36
21.92,40
21.93,32
21.94,32
21.95,48
21.96,20
21.97,36
21.98,56
21.99,28
22,32
22.01,48
22.02,32
22.03,46
22.04,30
22.05,42
22.06,26
22.07,34
22.08,34
22.09,36
22.1,38
22.11,14
22.12,26
22.13,22
22.14,28
22.15,36
22.16,30
22.17,30
22.18,16
22.19,26
22.2,40
22.21,38
22.22,40
22.23,54
22.24,36
22.25,22
22.26,32
22.27,28
22.28,42
22.29,36
22.3,30
22.31,32
22.32,30
22.33,32
22.34,24
22.35,28
22.36,16
22.37,26
22.38,34
22.39,30
22.4,18
22.41,38
22.42,26
22.43,32
22.44,30
22.45,46
22.46,36
22.47,18
22.48,40
22.49,32
22.5,32
22.51,38
22.52,32
22.53,24
22.54,28
22.55,38
22.56,36
22.57,32
22.58,26
22.59,14
22.6,24
22.61,26
22.62,34
22.63,28
22.64,28
22.65,28
22.66,26
22.67,34
22.68,22
22.69,46
22.7,26
22.71,28
22.72,46
22.73,14
22.74,34
22.75,22
22.76,32
22.77,34
22.78,30
22.79,36
22.8,30
22.81,30
22.82,22
22.83,26
22.84,30
22.85,24
22.86,34
22.87,58
22.88,48
22.89,64
22.9,118
22.91,202
22.92,594
22.93,1734
22.94,4472
22.95,8860
22.96,13484
22.97,14974
22.98,10914
22.99,3750
23,764
23.01,246
23.02,166
23.03,116
23.04,110
23.05,102
23.06,98
23.07,84
23.08,72
23.09,54
23.1,60
23.11,60
23.12,66
23.13,54
23.14,60
23.15,30
23.16,54
23.17,24
23.18,44
23.19,34
23.2,46
23.21,36
23.22,30
23.23,40
23.24,60
23.25,62
23.26,48
23.27,44
23.28,48
23.29,42
23.3,38
23.31,46
23.32,44
23.33,52
23.34,56
23.35,56
23.36,48
23.37,38
23.38,46
23.39,40
23.4,38
23.41,52
23.42,36
23.43,48
23.44,46
23.45,44
23.46,40
23.47,46
23.48,32
23.49,36
23.5,50
23.51,46
23.52,42
23.53,48
23.54,40
23.55,28
23.56,48
23.57,38
23.58,36
23.59,52
23.6,56
23.61,42
23.62,52
23.63,44
23.64,26
23.65,38
23.66,26
23.67,42
23.68,42
23.69,46
23.7,48
23.71,30
23.72,36
23.73,52
23.74,34
23.75,36
23.76,40
23.77,38
23.78,42
23.79,38
23.8,26
23.81,36
23.82,50
23.83,44
23.84,56
23.85,46
23.86,22
23.87,30
23.88,28
23.89,24
23.9,28
23.91,26
23.92,32
23.93,48
23.94,48
23.95,48
23.96,46
23.97,44
23.98,30
23.99,36
24,46
24.01,26
24.02,36
24.03,20
24.04,32
24.05,34
24.06,20
24.07,32
24.08,32
24.09,30
24.1,24
24.11,22
24.12,40
24.13,34
24.14,26
24.15,28
24.16,38
24.17,30
24.18,32
24.19,24
24.2,20
24.21,28
24.22,32
24.23,28
24.24,20
24.25,30
24.26,30
24.27,26
24.28,16
24.29,14
24.3,34
24.31,22
24.32,34
24.33,18
24.34,20
24.35,40
24.36,28
24.37,30
24.38,22
24.39,24
24.4,22
24.41,14
24.42,16
24.43,16
24.44,34
24.45,20
24.46,24
24.47,42
24.48,26
24.49,20
24.5,40
24.51,22
24.52,14
24.53,28
24.54,32
24.55,32
24.56,16
24.57,26
24.58,10
24.59,24
24.6,34
24.61,28
24.62,22
24.63,20
24.64,28
24.65,22
24.66,28
24.67,38
24.68,22
24.69,18
24.7,20
24.71,28
24.72,26
24.73,22
24.74,32
24.75,32
24.76,10
24.77,26
24.78,24
24.79,36
24.8,22
24.81,24
24.82,24
24.83,24
24.84,38
24.85,30
24.86,30
24.87,22
24.88,26
24.89,28
24.9,38
24.91,28
24.92,32
24.93,18
24.94,18
24.95,30
24.96,28
24.97,42
24.98,26
24.99,36
25,26
25.01,26
25.02,26
25.03,22
25.04,34
25.05,26
25.06,40
25.07,32
25.08,26
25.09,40
25.1,32
25.11,22
25.12,32
25.13,32
25.14,28
25.15,42
25.16,28
25.17,34
25.18,26
25.19,24
25.2,30
25.21,34
25.22,32
25.23,22
25.24,46
25.25,52
25.26,38
25.27,58
25.28,36
25.29,50
25.3,34
25.31,40
25.32,48
25.33,30
25.34,26
25.35,44
25.36,42
25.37,36
25.38,42
25.39,32
25.4,38
25.41,48
25.42,34
25.43,42
25.44,38
25.45,66
25.46,50
25.47,42
25.48,36
25.49,74
25.5,44
25.51,36
25.52,56
25.53,36
25.54,38
25.55,56
25.56,52
25.57,50
25.58,44
25.59,50
25.6,46
25.61,48
25.62,60
25.63,54
25.64,52
25.65,48
25.66,38
25.67,50
25.68,46
25.69,52
25.7,52
25.71,58
25.72,66
25.73,68
25.74,74
25.75,36
25.76,56
25.77,52
25.78,60
25.79,60
25.8,50
25.81,74
25.82,46
25.83,56
25.84,64
25.85,68
25.86,52
25.87,64
25.88,72
25.89,46
25.9,70
25.91,46
25.92,58
25.93,56
25.94,74
25.95,48
25.96,68
25.97,52
25.98,52
25.99,60
26,52
26.01,56
26.02,44
26.03,66
26.04,72
26.05,64
26.06,46
26.07,64
26.08,48
26.09,56
26.1,70
26.11,52
26.12,56
26.13,40
26.14,66
26.15,70
26.16,54
26.17,70
26.18,58
26.19,42
26.2,48
26.21,56
26.22,48
26.23,62
26.24,64
26.25,50
26.26,52
26.27,66
26.28,36
26.29,62
26.3,52
26.31,62
26.32,54
26.33,66
26.34,64
26.35,42
26.36,58
26.37,48
26.38,60
26.39,54
26.4,60
26.41,42
26.42,54
26.43,40
26.44,62
26.45,70
26.46,52
26.47,78
26.48,54
26.49,58
26.5,72
26.51,60
26.52,50
26.53,62
26.54,50
26.55,42
26.56,54
26.57,58
26.58,54
26.59,60
26.6,62
26.61,44
26.62,38
26.63,58
26.64,50
26.65,48
26.66,46
26.67,48
26.68,50
26.69,24
26.7,38
26.71,38
26.72,26
26.73,34
26.74,36
26.75,40
26.76,46
26.77,50
26.78,32
26.79,28
26.8,68
26.81,42
26.82,32
26.83,40
26.84,42
26.85,52
26.86,32
26.87,30
26.88,32
26.89,42
26.9,34
26.91,44
26.92,32
26.93,72
26.94,44
26.95,28
26.96,46
26.97,30
26.98,50
26.99,38
27,44
27.01,28
27.02,34
27.03,22
27.04,42
27.05,24
27.06,30
27.07,30
27.08,26
27.09,38
27.1,46
27.11,22
27.12,24
27.13,42
27.14,28
27.15,28
27.16,36
27.17,24
27.18,26
27.19,36
27.2,32
27.21,32
27.22,20
27.23,22
27.24,28
27.25,18
27.26,50
27.27,26
27.28,26
27.29,34
27.3,36
27.31,42
27.32,32
27.33,30
27.34,14
27.35,34
27.36,32
27.37,26
27.38,32
27.39,24
27.4,20
27.41,22
27.42,38
27.43,20
27.44,8
27.45,26
27.46,12
27.47,18
27.48,28
27.49,24
27.5,24
27.51,22
27.52,28
27.53,24
27.54,26
27.55,24
27.56,22
27.57,10
27.58,14
27.59,20
27.6,28
27.61,26
27.62,24
27.63,16
27.64,34
27.65,20
27.66,20
27.67,22
27.68,24
27.69,14
27.7,24
27.71,16
27.72,18
27.73,22
27.74,14
27.75,16
27.76,16
27.77,24
27.78,18
27.79,24
27.8,20
27.81,18
27.82,20
27.83,16
27.84,14
27.85,16
27.86,10
27.87,18
27.88,16
27.89,30
27.9,10
27.91,14
27.92,20
27.93,20
27.94,18
27.95,24
27.96,30
27.97,24
27.98,26
27.99,18
28,12
28.01,20
28.02,14
28.03,20
28.04,12
28.05,30
28.06,20
28.07,22
28.08,20
28.09,22
28.1,18
28.11,10
28.12,20
28.13,20
28.14,14
28.15,10
28.16,14
28.17,16
28.18,16
28.19,22
28.2,20
28.21,16
28.22,16
28.23,14
28.24,18
28.25,22
28.26,28
28.27,18
28.28,24
28.29,10
28.3,24
28.31,18
28.32,18
28.33,14
28.34,14
28.35,14
28.36,22
28.37,10
28.38,12
28.39,20
28.4,20
28.41,20
28.42,12
28.43,8
28.44,20
28.45,16
28.46,20
28.47,18
28.48,22
28.49,24
28.5,24
28.51,16
28.52,14
28.53,16
28.54,6
28.55,14
28.56,16
28.57,26
28.58,10
28.59,22
28.6,30
28.61,20
28.62,4
28.63,8
28.64,10
28.65,16
28.66,12
28.67,8
28.68,18
28.69,16
28.7,20
28.71,14
28.72,18
28.73,14
28.74,20
28.75,16
28.76,22
28.77,16
28.78,10
28.79,22
28.8,12
28.81,10
28.82,22
28.83,18
28.84,20
28.85,22
28.86,20
28.87,14
28.88,28
28.89,18
28.9,26
28.91,18
28.92,18
28.93,20
28.94,6
28.95,16
28.96,14
28.97,12
28.98,10
28.99,24
29,28
29.01,26
29.02,16
29.03,12
29.04,16
29.05,16
29.06,12
29.07,4
29.08,28
29.09,12
29.1,16
29.11,22
29.12,20
29.13,8
29.14,30
29.15,8
29.16,12
29.17,22
29.18,18
29.19,8
29.2,14
29.21,18
29.22,12
29.23,16
29.24,24
29.25,14
29.26,14
29.27,14
29.28,18
29.29,18
29.3,22
29.31,10
29.32,22
29.33,10
29.34,22
29.35,10
29.36,12
29.37,8
29.38,12
29.39,14
29.4,8
29.41,8
29.42,10
29.43,10
29.44,32
29.45,10
29.46,24
29.47,6
29.48,16
29.49,24
29.5,18
29.51,16
29.52,16
29.53,12
29.54,16
29.55,20
29.56,18
29.57,12
29.58,18
29.59,18
29.6,8
29.61,18
29.62,22
29.63,10
29.64,24
29.65,12
29.66,16
29.67,6
29.68,16
29.69,14
29.7,18
29.71,12
29.72,14
29.73,14
29.74,16
29.75,16
29.76,24
29.77,20
29.78,18
29.79,12
29.8,18
29.81,24
29.82,10
29.83,18
29.84,16
29.85,8
29.86,28
29.87,16
29.88,20
29.89,12
29.9,14
29.91,18
29.92,14
29.93,10
29.94,16
29.95,22
29.96,18
29.97,12
29.98,22
29.99,16
30,10
30.01,14
30.02,8
30.03,12
30.04,8
30.05,10
30.06,26
30.07,28
30.08,10
30.09,16
30.1,8
30.11,14
30.12,20
30.13,6
30.14,18
30.15,22
30.16,24
30.17,18
30.18,20
30.19,24
30.2,12
30.21,16
30.22,14
30.23,24
30.24,12
30.25,16
30.26,10
30.27,20
30.28,6
30.29,12
30.3,18
30.31,22
30.32,20
30.33,24
30.34,12
30.35,8
30.36,14
30.37,20
30.38,18
30.39,20
30.4,10
30.41,18
30.42,10
30.43,10
30.44,22
30.45,6
30.46,30
30.47,16
30.48,20
30.49,22
30.5,18
30.51,18
30.52,18
30.53,16
30.54,16
30.55,12
30.56,26
30.57,10
30.58,16
30.59,10
30.6,10
30.61,12
30.62,10
30.63,18
30.64,12
30.65,22
30.66,8
30.67,18
30.68,16
30.69,2
30.7,30
30.71,6
30.72,16
30.73,18
30.74,18
30.75,16
30.76,30
30.77,14
30.78,6
30.79,16
30.8,30
30.81,14
30.82,12
30.83,24
30.84,22
30.85,20
30.86,24
30.87,12
30.88,22
30.89,12
30.9,20
30.91,22
30.92,8
30.93,20
30.94,16
30.95,14
30.96,12
30.97,18
30.98,10
30.99,10
31,8
31.01,30
31.02,12
31.03,14
31.04,14
31.05,12
31.06,20
31.07,14
31.08,18
31.09,16
31.1,18
31.11,24
31.12,20
31.13,26
31.14,14
31.15,14
31.16,8
31.17,12
31.18,10
31.19,18
31.2,20
31.21,10
31.22,22
31.23,14
31.24,22
31.25,8
31.26,14
31.27,14
31.28,18
31.29,10
31.3,18
31.31,16
31.32,14
31.33,6
31.34,16
31.35,14
31.36,22
31.37,14
31.38,10
31.39,18
31.4,12
31.41,14
31.42,10
31.43,6
31.44,10
31.45,16
31.46,14
31.47,14
31.48,10
31.49,4
31.5,10
31.51,14
31.52,22
31.53,8
31.54,14
31.55,8
31.56,18
31.57,28
31.58,12
31.59,8
31.6,22
31.61,4
31.62,16
31.63,8
31.64,22
31.65,8
31.66,10
31.67,14
31.68,16
31.69,14
31.7,12
31.71,14
31.72,14
31.73,12
31.74,16
31.75,20
31.76,20
31.77,6
31.78,14
31.79,12
31.8,20
31.81,14
31.82,20
31.83,12
31.84,18
31.85,18
31.86,24
31.87,6
31.88,10
31.89,10
31.9,16
31.91,10
31.92,18
31.93,6
31.94,10
31.95,18
31.96,2
31.97,14
31.98,16
31.99,24
32,16
32.01,14
32.02,8
32.03,14
32.04,12
32.05,16
32.06,14
32.07,14
32.08,14
32.09,8
32.1,12
32.11,10
32.12,8
32.13,20
32.14,6
32.15,10
32.16,14
32.17,16
32.18,18
32.19,10
32.2,12
32.21,14
32.22,12
32.23,14
32.24,12
32.25,14
32.26,10
32.27,8
32.28,10
32.29,18
32.3,8
32.31,10
32.32,30
32.33,12
32.34,16
32.35,20
32.36,14
32.37,10
32.38,10
32.39,22
32.4,14
32.41,10
32.42,12
32.43,2
32.44,20
32.45,6
32.46,10
32.47,12
32.48,24
32.49,8
32.5,6
32.51,10
32.52,20
32.53,22
32.54,8
32.55,12
32.56,22
32.57,24
32.58,20
32.59,12
32.6,12
32.61,10
32.62,12
32.63,22
32.64,10
32.65,12
32.66,6
32.67,16
32.68,8
32.69,8
32.7,12
32.71,16
32.72,14
32.73,14
32.74,18
32.75,16
32.76,8
32.77,16
32.78,14
32.79,18
32.8,12
32.81,12
32.82,14
32.83,22
32.84,16
32.85,10
32.86,12
32.87,14
32.88,12
32.89,8
32.9,2
32.91,14
32.92,14
32.93,16
32.94,18
32.95,12
32.96,8
32.97,10
32.98,14
32.99,8
33,4
33.01,6
33.02,20
33.03,10
33.04,18
33.05,14
33.06,20
33.07,10
33.08,14
33.09,10
33.1,12
33.11,8
33.12,12
33.13,8
33.14,6
33.15,20
33.16,12
33.17,16
33.18,10
33.19,8
33.2,12
33.21,26
33.22,8
33.23,16
33.24,8
33.25,22
33.26,8
33.27,6
33.28,10
33.29,12
33.3,14
33.31,18
33.32,18
33.33,10
33.34,12
33.35,12
33.36,20
33.37,16
33.38,14
33.39,18
33.4,10
33.41,8
33.42,10
33.43,10
33.44,10
33.45,12
33.46,14
33.47,12
33.48,16
33.49,10
33.5,18
33.51,10
33.52,20
33.53,2
33.54,12
33.55,16
33.56,12
33.57,16
33.58,20
33.59,4
33.6,10
33.61,20
33.62,22
33.63,20
33.64,24
33.65,4
33.66,16
33.67,10
33.68,14
33.69,14
33.7,10
33.71,10
33.72,18
33.73,6
33.74,16
33.75,10
33.76,8
33.77,14
33.78,16
33.79,8
33.8,12
33.81,10
33.82,14
33.83,28
33.84,6
33.85,20
33.86,4
33.87,8
33.88,10
33.89,10
33.9,24
33.91,12
33.92,12
33.93,16
33.94,20
33.95,8
33.96,8
33.97,10
33.98,16
33.99,24
34,10
34.01,8
34.02,18
34.03,14
34.04,16
34.05,8
34.06,14
34.07,6
34.08,4
34.09,10
34.1,12
34.11,10
34.12,16
34.13,8
34.14,16
34.15,10
34.16,10
34.17,4
34.18,14
34.19,10
34.2,24
34.21,8
34.22,8
34.23,8
34.24,4
34.25,12
34.26,12
34.27,16
34.28,8
34.29,8
34.3,14
34.31,8
34.32,14
34.33,4
34.34,8
34.35,10
34.36,14
34.37,18
34.38,18
34.39,16
34.4,10
34.41,6
34.42,10
34.43,6
34.44,6
34.45,18
34.46,4
34.47,8
34.48,12
34.49,16
34.5,6
34.51,14
34.52,14
34.53,12
34.54,14
34.55,6
34.56,10
34.57,22
34.58,16
34.59,8
34.6,12
34.61,14
34.62,4
34.63,14
34.64,22
34.65,14
34.66,14
34.67,20
34.68,12
34.69,14
34.7,12
34.71,0.000001
34.72,12
34.73,10
34.74,6
34.75,12
34.76,16
34.77,14
34.78,16
34.79,8
34.8,6
34.81,16
34.82,4
34.83,14
34.84,12
34.85,14
34.86,12
34.87,8
34.88,14
34.89,12
34.9,6
34.91,6
34.92,14
34.93,0.000001
34.94,12
34.95,8
34.96,20
34.97,16
34.98,10
34.99,10
35,12
35.01,2
35.02,16
35.03,10
35.04,8
35.05,10
35.06,12
35.07,8
35.08,12
35.09,18
35.1,14
35.11,12
35.12,8
35.13,8
35.14,8
35.15,16
35.16,12
35.17,10
35.18,6
35.19,12
35.2,6
35.21,8
35.22,20
35.23,12
35.24,16
35.25,24
35.26,14
35.27,10
35.28,14
35.29,10
35.3,16
35.31,16
35.32,10
35.33,14
35.34,12
35.35,10
35.36,12
35.37,16
35.38,12
35.39,8
35.4,18
35.41,14
35.42,14
35.43,10
35.44,8
35.45,14
35.46,8
35.47,18
35.48,20
35.49,6
35.5,10
35.51,8
35.52,16
35.53,8
35.54,12
35.55,12
35.56,12
35.57,4
35.58,14
35.59,6
35.6,10
35.61,14
35.62,16
35.63,10
35.64,8
35.65,10
35.66,14
35.67,10
35.68,0.000001
35.69,16
35.7,2
35.71,12
35.72,6
35.73,14
35.74,10
35.75,18
35.76,16
35.77,10
35.78,10
35.79,4
35.8,8
35.81,10
35.82,16
35.83,12
35.84,16
35.85,22
35.86,18
35.87,8
35.88,10
35.89,12
35.9,10
35.91,12
35.92,6
35.93,14
35.94,6
35.95,8
35.96,8
35.97,10
35.98,14
35.99,16
36,14
36.01,18
36.02,6
36.03,12
36.04,8
36.05,6
36.06,14
36.07,16
36.08,14
36.09,18
36.1,14
36.11,8
36.12,10
36.13,4
36.14,18
36.15,20
36.16,10
36.17,6
36.18,22
36.19,6
36.2,18
36.21,4
36.22,14
36.23,12
36.24,16
36.25,8
36.26,12
36.27,8
36.28,20
36.29,12
36.3,16
36.31,6
36.32,16
36.33,12
36.34,8
36.35,14
36.36,14
36.37,10
36.38,14
36.39,12
36.4,16
36.41,10
36.42,14
36.43,8
36.44,4
36.45,12
36.46,14
36.47,6
36.48,6
36.49,14
36.5,8
36.51,4
36.52,10
36.53,8
36.54,22
36.55,10
36.56,12
36.57,10
36.58,6
36.59,12
36.6,10
36.61,8
36.62,10
36.63,10
36.64,14
36.65,12
36.66,16
36.67,12
36.68,12
36.69,6
36.7,12
36.71,14
36.72,10
36.73,18
36.74,10
36.75,8
36.76,8
36.77,2
36.78,10
36.79,8
36.8,14
36.81,26
36.82,18
36.83,10
36.84,14
36.85,10
36.86,6
36.87,8
36.88,10
36.89,12
36.9,4
36.91,8
36.92,8
36.93,8
36.94,10
36.95,12
36.96,18
36.97,14
36.98,14
36.99,10
37,12
37.01,14
37.02,6
37.03,10
37.04,10
37.05,6
37.06,8
37.07,12
37.08,6
37.09,2
37.1,10
37.11,12
37.12,16
37.13,12
37.14,18
37.15,24
37.16,8
37.17,12
37.18,16
37.19,10
37.2,16
37.21,10
37.22,14
37.23,8
37.24,12
37.25,8
37.26,14
37.27,14
37.28,6
37.29,16
37.3,14
37.31,12
37.32,10
37.33,16
37.34,6
37.35,14
37.36,6
37.37,14
37.38,10
37.39,6
37.4,12
37.41,18
37.42,8
37.43,14
37.44,6
37.45,18
37.46,10
37.47,14
37.48,6
37.49,10
37.5,12
37.51,16
37.52,2
37.53,16
37.54,12
37.55,20
37.56,6
37.57,20
37.58,12
37.59,6
37.6,10
37.61,6
37.62,10
37.63,12
37.64,6
37.65,18
37.66,12
37.67,12
37.68,10
37.69,16
37.7,22
37.71,10
37.72,4
37.73,18
37.74,12
37.75,16
37.76,10
37.77,8
37.78,14
37.79,6
37.8,12
37.81,12
37.82,6
37.83,10
37.84,10
37.85,16
37.86,12
37.87,4
37.88,8
37.89,12
37.9,6
37.91,8
37.92,2
37.93,10
37.94,10
37.95,8
37.96,8
37.97,8
37.98,10
37.99,6
38,14
38.01,8
38.02,10
38.03,20
38.04,6
38.05,16
38.06,14
38.07,8
38.08,10
38.09,8
38.1,6
38.11,8
38.12,16
38.13,10
38.14,10
38.15,14
38.16,4
38.17,18
38.18,8
38.19,6
38.2,14
38.21,6
38.22,6
38.23,12
38.24,10
38.25,14
38.26,14
38.27,4
38.28,8
38.29,8
38.3,16
38.31,10
38.32,10
38.33,10
38.34,2
38.35,10
38.36,6
38.37,6
38.38,10
38.39,8
38.4,14
38.41,12
38.42,16
38.43,8
38.44,10
38.45,10
38.46,12
38.47,6
38.48,6
38.49,12
38.5,14
38.51,18
38.52,8
38.53,12
38.54,10
38.55,6
38.56,8
38.57,14
38.58,6
38.59,16
38.6,10
38.61,4
38.62,6
38.63,12
38.64,12
38.65,18
38.66,14
38.67,12
38.68,4
38.69,10
38.7,14
38.71,10
38.72,4
38.73,14
38.74,8
38.75,6
38.76,4
38.77,8
38.78,12
38.79,8
38.8,6
38.81,16
38.82,8
38.83,8
38.84,2
38.85,8
38.86,8
38.87,2
38.88,10
38.89,14
38.9,8
38.91,10
38.92,14
38.93,10
38.94,12
38.95,12
38.96,8
38.97,14
38.98,12
38.99,10
39,8
39.01,14
39.02,8
39.03,10
39.04,12
39.05,10
39.06,10
39.07,8
39.08,16
39.09,6
39.1,8
39.11,8
39.12,18
39.13,12
39.14,8
39.15,10
39.16,18
39.17,4
39.18,16
39.19,18
39.2,16
39.21,14
39.22,8
39.23,4
39.24,10
39.25,12
39.26,10
39.27,4
39.28,6
39.29,10
39.3,14
39.31,18
39.32,4
39.33,10
39.34,2
39.35,20
39.36,14
39.37,18
39.38,16
39.39,10
39.4,8
39.41,12
39.42,6
39.43,10
39.44,18
39.45,16
39.46,16
39.47,16
39.48,6
39.49,14
39.5,12
39.51,2
39.52,8
39.53,16
39.54,6
39.55,10
39.56,10
39.57,6
39.58,10
39.59,10
39.6,6
39.61,10
39.62,10
39.63,6
39.64,10
39.65,4
39.66,12
39.67,8
39.68,18
39.69,10
39.7,8
39.71,24
39.72,18
39.73,18
39.74,12
39.75,8
39.76,14
39.77,6
39.78,10
39.79,12
39.8,6
39.81,6
39.82,6
39.83,6
39.84,8
39.85,4
39.86,14
39.87,12
39.88,8
39.89,12
39.9,14
39.91,8
39.92,10
39.93,18
39.94,12
39.95,6
39.96,12
39.97,6
39.98,14
39.99,16
40,6
40.01,8
40.02,8
40.03,16
40.04,10
40.05,12
40.06,14
40.07,12
40.08,8
40.09,4
40.1,10
40.11,4
40.12,12
40.13,14
40.14,18
40.15,14
40.16,6
40.17,20
40.18,12
40.19,10
40.2,10
40.21,6
40.22,16
40.23,6
40.24,10
40.25,6
40.26,6
40.27,10
40.28,4
40.29,6
40.3,16
40.31,8
40.32,4
40.33,6
40.34,18
40.35,14
40.36,10
40.37,12
40.38,14
40.39,10
40.4,8
40.41,2
40.42,14
40.43,10
40.44,12
40.45,16
40.46,10
40.47,6
40.48,12
40.49,12
40.5,12
40.51,8
40.52,6
40.53,16
40.54,6
40.55,8
40.56,20
40.57,12
40.58,6
40.59,8
40.6,6
40.61,8
40.62,4
40.63,14
40.64,14
40.65,14
40.66,10
40.67,6
40.68,10
40.69,12
40.7,12
40.71,16
40.72,8
40.73,12
40.74,10
40.75,8
40.76,6
40.77,10
40.78,6
40.79,10
40.8,10
40.81,12
40.82,6
40.83,18
40.84,8
40.85,2
40.86,10
40.87,14
40.88,8
40.89,16
40.9,12
40.91,22
40.92,10
40.93,4
40.94,14
40.95,18
40.96,20
40.97,4
40.98,10
40.99,10
41,10
41.01,8
41.02,10
41.03,10
41.04,16
41.05,16
41.06,6
41.07,4
41.08,4
41.09,12
41.1,6
41.11,6
41.12,8
41.13,12
41.14,12
41.15,12
41.16,6
41.17,6
41.18,14
41.19,12
41.2,2
41.21,4
41.22,8
41.23,16
41.24,4
41.25,12
41.26,2
41.27,6
41.28,22
41.29,4
41.3,10
41.31,14
41.32,6
41.33,10
41.34,6
41.35,12
41.36,4
41.37,8
41.38,14
41.39,8
41.4,16
41.41,4
41.42,8
41.43,6
41.44,10
41.45,8
41.46,10
41.47,18
41.48,12
41.49,8
41.5,14
41.51,6
41.52,10
41.53,14
41.54,10
41.55,18
41.56,12
41.57,8
41.58,14
41.59,16
41.6,14
41.61,6
41.62,16
41.63,12
41.64,8
41.65,6
41.66,6
41.67,16
41.68,2
41.69,14
41.7,12
41.71,6
41.72,2
41.73,10
41.74,8
41.75,14
41.76,10
41.77,4
41.78,16
41.79,8
41.8,6
41.81,8
41.82,10
41.83,14
41.84,8
41.85,10
41.86,14
41.87,8
41.88,6
41.89,8
41.9,10
41.91,12
41.92,14
41.93,10
41.94,8
41.95,22
41.96,10
41.97,8
41.98,8
41.99,14
42,12
42.01,10
42.02,18
42.03,2
42.04,8
42.05,4
42.06,8
42.07,4
42.08,18
42.09,12
42.1,6
42.11,10
42.12,12
42.13,14
42.14,12
42.15,18
42.16,4
42.17,14
42.18,6
42.19,20
42.2,6
42.21,16
42.22,14
42.23,10
42.24,4
42.25,6
42.26,6
42.27,10
42.28,8
42.29,2
42.3,18
42.31,12
42.32,14
42.33,8
42.34,12
42.35,10
42.36,8
42.37,8
42.38,12
42.39,2
42.4,14
42.41,8
42.42,8
42.43,12
42.44,6
42.45,4
42.46,6
42.47,14
42.48,6
42.49,10
42.5,4
42.51,6
42.52,4
42.53,8
42.54,14
42.55,10
42.56,8
42.57,6
42.58,16
42.59,12
42.6,10
42.61,12
42.62,12
42.63,10
42.64,10
42.65,18
42.66,6
42.67,10
42.68,10
42.69,12
42.7,16
42.71,8
42.72,14
42.73,10
42.74,10
42.75,10
42.76,16
42.77,14
42.78,10
42.79,6
42.8,10
42.81,12
42.82,12
42.83,16
42.84,6
42.85,12
42.86,12
42.87,16
42.88,8
42.89,10
42.9,16
42.91,8
42.92,16
42.93,8
42.94,12
42.95,12
42.96,12
42.97,8
42.98,12
42.99,22
43,14
43.01,6
43.02,6
43.03,10
43.04,18
43.05,8
43.06,4
43.07,10
43.08,12
43.09,14
43.1,18
43.11,24
43.12,8
43.13,12
43.14,8
43.15,12
43.16,10
43.17,6
43.18,12
43.19,6
43.2,12
43.21,12
43.22,18
43.23,10
43.24,4
43.25,12
43.26,10
43.27,14
43.28,12
43.29,10
43.3,8
43.31,24
43.32,10
43.33,12
43.34,18
43.35,12
43.36,14
43.37,6
43.38,18
43.39,16
43.4,18
43.41,14
43.42,10
43.43,18
43.44,12
43.45,12
43.46,12
43.47,6
43.48,8
43.49,8
43.5,14
43.51,14
43.52,24
43.53,16
43.54,20
43.55,12
43.56,8
43.57,6
43.58,16
43.59,16
43.6,20
43.61,16
43.62,22
43.63,20
43.64,16
43.65,20
43.66,12
43.67,24
43.68,18
43.69,14
43.7,16
43.71,18
43.72,8
43.73,20
43.74,6
43.75,14
43.76,16
43.77,10
43.78,24
43.79,20
43.8,14
43.81,12
43.82,12
43.83,12
43.84,10
43.85,8
43.86,18
43.87,14
43.88,6
43.89,10
43.9,10
43.91,4
43.92,26
43.93,16
43.94,4
43.95,14
43.96,16
43.97,12
43.98,12
43.99,10
44,12
44.01,12
44.02,12
44.03,10
44.04,20
44.05,10
44.06,14
44.07,18
44.08,20
44.09,8
44.1,18
44.11,12
44.12,12
44.13,24
44.14,20
44.15,14
44.16,8
44.17,12
44.18,16
44.19,14
44.2,14
44.21,10
44.22,10
44.23,12
44.24,12
44.25,16
44.26,16
44.27,12
44.28,12
44.29,14
44.3,8
44.31,14
44.32,16
44.33,12
44.34,12
44.35,10
44.36,14
44.37,14
44.38,6
44.39,16
44.4,14
44.41,16
44.42,20
44.43,12
44.44,8
44.45,26
44.46,8
44.47,16
44.48,12
44.49,14
44.5,8
44.51,10
44.52,18
44.53,16
44.54,8
44.55,24
44.56,18
44.57,14
44.58,10
44.59,18
44.6,14
44.61,6
44.62,14
44.63,14
44.64,16
44.65,16
44.66,12
44.67,24
44.68,24
44.69,22
44.7,16
44.71,16
44.72,8
44.73,18
44.74,26
44.75,22
44.76,18
44.77,26
44.78,18
44.79,22
44.8,12
44.81,38
44.82,24
44.83,22
44.84,16
44.85,22
44.86,24
44.87,12
44.88,24
44.89,24
44.9,16
44.91,16
44.92,10
44.93,22
44.94,22
44.95,26
44.96,24
44.97,20
44.98,20
44.99,22
45,26
45.01,18
45.02,26
45.03,36
45.04,26
45.05,18
45.06,28
45.07,28
45.08,32
45.09,24
45.1,32
45.11,34
45.12,26
45.13,32
45.14,26
45.15,26
45.16,40
45.17,40
45.18,40
45.19,14
45.2,38
45.21,24
45.22,26
45.23,44
45.24,42
45.25,34
45.26,38
45.27,36
45.28,36
45.29,30
45.3,38
45.31,42
45.32,26
45.33,30
45.34,20
45.35,36
45.36,40
45.37,24
45.38,36
45.39,34
45.4,28
45.41,44
45.42,48
45.43,28
45.44,26
45.45,36
45.46,40
45.47,38
45.48,54
45.49,36
45.5,26
45.51,36
45.52,32
45.53,34
45.54,32
45.55,32
45.56,42
45.57,40
45.58,34
45.59,32
45.6,36
45.61,40
45.62,38
45.63,44
45.64,40
45.65,46
45.66,18
45.67,32
45.68,34
45.69,34
45.7,36
45.71,40
45.72,34
45.73,38
45.74,30
45.75,42
45.76,40
45.77,44
45.78,54
45.79,28
45.8,44
45.81,48
45.82,22
45.83,32
45.84,50
45.85,56
45.86,40
45.87,36
45.88,44
45.89,42
45.9,50
45.91,58
45.92,56
45.93,34
45.94,30
45.95,50
45.96,46
45.97,46
45.98,54
45.99,36
46,24
46.01,34
46.02,44
46.03,46
46.04,44
46.05,54
46.06,40
46.07,32
46.08,36
46.09,36
46.1,52
46.11,60
46.12,36
46.13,42
46.14,40
46.15,62
46.16,56
46.17,70
46.18,58
46.19,54
46.2,58
46.21,78
46.22,70
46.23,74
46.24,84
46.25,68
46.26,82
46.27,70
46.28,74
46.29,66
46.3,82
46.31,92
46.32,82
46.33,78
46.34,114
46.35,100
46.36,80
46.37,102
46.38,106
46.39,106
46.4,112
46.41,140
46.42,102
46.43,132
46.44,144
46.45,126
46.46,132
46.47,176
46.48,198
46.49,186
46.5,178
46.51,230
46.52,226
46.53,218
46.54,212
46.55,230
46.56,240
46.57,282
46.58,308
46.59,346
46.6,312
46.61,382
46.62,396
46.63,402
46.64,502
46.65,512
46.66,594
46.67,586
46.68,766
46.69,732
46.7,882
46.71,972
46.72,982
46.73,1246
46.74,1374
46.75,1614
46.76,1850
46.77,2272
46.78,2870
46.79,3350
46.8,4648
46.81,5656
46.82,7894
46.83,11466
46.84,19584
46.85,43954
46.86,114380
46.87,123322
46.88,310456
46.89,661762
46.9,1159460
46.91,1479966
46.92,1369058
46.93,795084
46.94,242654
46.95,56998
46.96,28864
46.97,18548
46.98,13416
46.99,10546
47,8094
47.01,6474
47.02,5192
47.03,4090
47.04,3372
47.05,2824
47.06,2178
47.07,1810
47.08,1526
47.09,1296
47.1,1130
47.11,922
47.12,778
47.13,716
47.14,666
47.15,604
47.16,484
47.17,492
47.18,438
47.19,444
47.2,380
47.21,306
47.22,258
47.23,230
47.24,250
47.25,202
47.26,230
47.27,256
47.28,196
47.29,186
47.3,196
47.31,194
47.32,178
47.33,132
47.34,158
47.35,148
47.36,140
47.37,114
47.38,126
47.39,116
47.4,124
47.41,88
47.42,128
47.43,90
47.44,96
47.45,88
47.46,108
47.47,70
47.48,82
47.49,86
47.5,68
47.51,92
47.52,84
47.53,74
47.54,112
47.55,44
47.56,70
47.57,62
47.58,52
47.59,58
47.6,56
47.61,60
47.62,58
47.63,56
47.64,52
47.65,44
47.66,62
47.67,68
47.68,50
47.69,56
47.7,60
47.71,52
47.72,48
47.73,48
47.74,40
47.75,42
47.76,42
47.77,42
47.78,34
47.79,38
47.8,58
47.81,34
47.82,48
47.83,50
47.84,48
47.85,38
47.86,50
47.87,26
47.88,62
47.89,52
47.9,50
47.91,40
47.92,46
47.93,44
47.94,38
47.95,42
47.96,36
47.97,34
47.98,36
47.99,64
48,24
48.01,28
48.02,32
48.03,32
48.04,34
48.05,30
48.06,38
48.07,54
48.08,48
48.09,30
48.1,30
48.11,46
48.12,46
48.13,32
48.14,50
48.15,30
48.16,50
48.17,44
48.18,34
48.19,20
48.2,48
48.21,28
48.22,26
48.23,40
48.24,34
48.25,34
48.26,14
48.27,30
48.28,28
48.29,34
48.3,36
48.31,34
48.32,38
48.33,34
48.34,28
48.35,32
48.36,42
48.37,22
48.38,34
48.39,26
48.4,26
48.41,42
48.42,44
48.43,28
48.44,26
48.45,30
48.46,22
48.47,14
48.48,26
48.49,28
48.5,18
48.51,26
48.52,30
48.53,40
48.54,42
48.55,22
48.56,32
48.57,26
48.58,20
48.59,30
48.6,24
48.61,18
48.62,12
48.63,20
48.64,26
48.65,20
48.66,24
48.67,24
48.68,28
48.69,18
48.7,16
48.71,16
48.72,30
48.73,24
48.74,26
48.75,14
48.76,22
48.77,20
48.78,28
48.79,20
48.8,8
48.81,14
48.82,22
48.83,16
48.84,18
48.85,22
48.86,18
48.87,18
48.88,16
48.89,16
48.9,18
48.91,12
48.92,20
48.93,12
48.94,12
48.95,18
48.96,20
48.97,12
48.98,16
48.99,20
49,12
49.01,18
49.02,22
49.03,10
49.04,6
49.05,18
49.06,32
49.07,12
49.08,12
49.09,12
49.1,16
49.11,22
49.12,10
49.13,12
49.14,22
49.15,6
49.16,14
49.17,24
49.18,14
49.19,22
49.2,14
49.21,12
49.22,6
49.23,4
49.24,8
49.25,4
49.26,10
49.27,16
49.28,10
49.29,6
49.3,8
49.31,8
49.32,10
49.33,10
49.34,14
49.35,12
49.36,16
49.37,8
49.38,18
49.39,10
49.4,14
49.41,2
49.42,16
49.43,4
49.44,10
49.45,12
49.46,6
49.47,20
49.48,12
49.49,18
49.5,8
49.51,6
49.52,6
49.53,16
49.54,18
49.55,8
49.56,4
49.57,10
49.58,8
49.59,10
49.6,12
49.61,4
49.62,4
49.63,10
49.64,10
49.65,14
49.66,10
49.67,8
49.68,6
49.69,6
49.7,12
49.71,12
49.72,4
49.73,8
49.74,4
49.75,8
49.76,8
49.77,14
49.78,12
49.79,6
49.8,2
49.81,8
49.82,16
49.83,4
49.84,12
49.85,10
49.86,6
49.87,8
49.88,4
49.89,8
49.9,12
49.91,4
49.92,14
49.93,6
49.94,10
49.95,12
49.96,6
49.97,4
49.98,14
49.99,8
50,14
50.01,4
50.02,8
50.03,6
50.04,10
50.05,2
50.06,4
50.07,10
50.08,6
50.09,6
50.1,14
50.11,10
50.12,6
50.13,2
50.14,6
50.15,10
50.16,4
50.17,16
50.18,6
50.19,14
50.2,6
50.21,14
50.22,2
50.23,4
50.24,14
50.25,8
50.26,14
50.27,4
50.28,12
50.29,4
50.3,14
50.31,2
50.32,8
50.33,12
50.34,4
50.35,4
50.36,20
50.37,10
50.38,22
50.39,8
50.4,10
50.41,12
50.42,26
50.43,14
50.44,6
50.45,10
50.46,8
50.47,12
50.48,10
50.49,22
50.5,14
50.51,12
50.52,16
50.53,6
50.54,8
50.55,20
50.56,16
50.57,16
50.58,4
50.59,6
50.6,8
50.61,2
50.62,18
50.63,14
50.64,12
50.65,14
50.66,10
50.67,8
50.68,8
50.69,18
50.7,6
50.71,8
50.72,14
50.73,14
50.74,22
50.75,12
50.76,12
50.77,14
50.78,8
50.79,18
50.8,8
50.81,10
50.82,28
50.83,14
50.84,8
50.85,12
50.86,16
50.87,22
50.88,16
50.89,16
50.9,14
50.91,12
50.92,16
50.93,20
50.94,2
50.95,12
50.96,18
50.97,18
50.98,10
50.99,26
51,20
51.01,16
51.02,8
51.03,10
51.04,10
51.05,20
51.06,12
51.07,22
51.08,12
51.09,18
51.1,24
51.11,12
51.12,10
51.13,10
51.14,16
51.15,12
51.16,6
51.17,16
51.18,18
51.19,18
51.2,22
51.21,10
51.22,18
51.23,22
51.24,10
51.25,24
51.26,6
51.27,16
51.28,20
51.29,16
51.3,8
51.31,18
51.32,24
51.33,20
51.34,16
51.35,16
51.36,16
51.37,14
51.38,14
51.39,14
51.4,16
51.41,10
51.42,14
51.43,14
51.44,10
51.45,10
51.46,6
51.47,8
51.48,14
51.49,14
51.5,28
51.51,14
51.52,18
51.53,14
51.54,12
51.55,18
51.56,12
51.57,18
51.58,8
51.59,14
51.6,12
51.61,20
51.62,18
51.63,12
51.64,6
51.65,8
51.66,12
51.67,22
51.68,10
51.69,18
51.7,6
51.71,12
51.72,14
51.73,14
51.74,14
51.75,16
51.76,12
51.77,2
51.78,18
51.79,24
51.8,18
51.81,8
51.82,10
51.83,16
51.84,12
51.85,6
51.86,6
51.87,16
51.88,12
51.89,14
51.9,18
51.91,4
51.92,4
51.93,12
51.94,10
51.95,12
51.96,16
51.97,8
51.98,10
51.99,8
52,14
52.01,6
52.02,8
52.03,6
52.04,8
52.05,6
52.06,2
52.07,20
52.08,8
52.09,14
52.1,8
52.11,12
52.12,2
52.13,12
52.14,6
52.15,16
52.16,12
52.17,8
52.18,14
52.19,14
52.2,12
52.21,10
52.22,10
52.23,14
52.24,6
52.25,2
52.26,10
52.27,8
52.28,12
52.29,10
52.3,10
52.31,10
52.32,12
52.33,4
52.34,6
52.35,6
52.36,8
52.37,8
52.38,8
52.39,6
52.4,16
52.41,8
52.42,6
52.43,8
52.44,16
52.45,18
52.46,4
52.47,8
52.48,2
52.49,16
52.5,10
52.51,8
52.52,6
52.53,0.000001
52.54,8
52.55,12
52.56,6
52.57,16
52.58,2
52.59,0.000001
52.6,14
52.61,6
52.62,6
52.63,6
52.64,10
52.65,4
52.66,6
52.67,8
52.68,6
52.69,12
52.7,4
52.71,6
52.72,14
52.73,8
52.74,14
52.75,8
52.76,12
52.77,14
52.78,4
52.79,10
52.8,4
52.81,4
52.82,4
52.83,10
52.84,6
52.85,14
52.86,0.000001
52.87,8
52.88,8
52.89,8
52.9,12
52.91,4
52.92,4
52.93,6
52.94,4
52.95,10
52.96,2
52.97,10
52.98,14
52.99,6
53,10
53.01,8
53.02,8
53.03,4
53.04,6
53.05,14
53.06,6
53.07,10
53.08,8
53.09,2
53.1,8
53.11,8
53.12,8
53.13,16
53.14,4
53.15,14
53.16,2
53.17,6
53.18,8
53.19,10
53.2,18
53.21,14
53.22,10
53.23,12
53.24,8
53.25,12
53.26,14
53.27,20
53.28,10
53.29,14
53.3,8
53.31,6
53.32,16
53.33,14
53.34,8
53.35,14
53.36,12
53.37,10
53.38,18
53.39,18
53.4,8
53.41,12
53.42,16
53.43,18
53.44,18
53.45,14
53.46,18
53.47,18
53.48,10
53.49,20
53.5,18
53.51,16
53.52,24
53.53,20
53.54,12
53.55,6
53.56,14
53.57,20
53.58,20
53.59,14
53.6,18
53.61,22
53.62,14
53.63,12
53.64,30
53.65,18
53.66,20
53.67,4
53.68,26
53.69,18
53.7,26
53.71,10
53.72,22
53.73,34
53.74,30
53.75,20
53.76,32
53.77,14
53.78,36
53.79,28
53.8,22
53.81,30
53.82,12
53.83,16
53.84,16
53.85,26
53.86,14
53.87,20
53.88,22
53.89,24
53.9,16
53.91,14
53.92,18
53.93,30
53.94,16
53.95,28
53.96,22
53.97,28
53.98,20
53.99,26
54,26
54.01,32
54.02,20
54.03,26
54.04,26
54.05,22
54.06,22
54.07,26
54.08,20
54.09,22
54.1,36
54.11,30
54.12,36
54.13,24
54.14,30
54.15,28
54.16,40
54.17,32
54.18,18
54.19,30
54.2,28
54.21,48
54.22,28
54.23,16
54.24,26
54.25,24
54.26,28
54.27,32
54.28,16
54.29,38
54.3,18
54.31,34
54.32,26
54.33,22
54.34,28
54.35,42
54.36,24
54.37,32
54.38,20
54.39,28
54.4,22
54.41,28
54.42,38
54.43,36
54.44,28
54.45,36
54.46,18
54.47,42
54.48,32
54.49,30
54.5,26
54.51,24
54.52,38
54.53,28
54.54,36
54.55,46
54.56,30
54.57,32
54.58,36
54.59,32
54.6,26
54.61,32
54.62,24
54.63,36
54.64,34
54.65,40
54.66,30
54.67,28
54.68,26
54.69,28
54.7,26
54.71,30
54.72,36
54.73,20
54.74,32
54.75,30
54.76,28
54.77,36
54.78,26
54.79,18
54.8,38
54.81,24
54.82,22
54.83,22
54.84,40
54.85,22
54.86,34
54.87,24
54.88,34
54.89,28
54.9,28
54.91,24
54.92,22
54.93,26
54.94,28
54.95,24
54.96,28
54.97,30
54.98,22
54.99,34
55,22
55.01,50
55.02,16
55.03,28
55.04,30
55.05,30
55.06,20
55.07,32
55.08,28
55.09,34
55.1,20
55.11,38
55.12,30
55.13,18
55.14,30
55.15,38
55.16,32
55.17,24
55.18,22
55.19,34
55.2,28
55.21,38
55.22,30
55.23,22
55.24,32
55.25,28
55.26,22
55.27,28
55.28,20
55.29,34
55.3,24
55.31,26
55.32,40
55.33,36
55.34,30
55.35,14
55.36,34
55.37,34
55.38,30
55.39,18
55.4,22
55.41,42
55.42,30
55.43,22
55.44,22
55.45,34
55.46,32
55.47,34
55.48,18
55.49,18
55.5,28
55.51,24
55.52,18
55.53,28
55.54,16
55.55,14
55.56,20
55.57,22
55.58,22
55.59,28
55.6,20
55.61,40
55.62,20
55.63,20
55.64,26
55.65,20
55.66,22
55.67,32
55.68,20
55.69,12
55.7,26
55.71,28
55.72,24
55.73,26
55.74,30
55.75,20
55.76,14
55.77,30
55.78,14
55.79,22
55.8,12
55.81,24
55.82,18
55.83,22
55.84,30
55.85,14
55.86,36
55.87,26
55.88,26
55.89,30
55.9,20
55.91,34
55.92,32
55.93,14
55.94,20
55.95,16
55.96,22
55.97,32
55.98,20
55.99,20
56,18
56.01,24
56.02,24
56.03,14
56.04,24
56.05,24
56.06,18
56.07,12
56.08,18
56.09,26
56.1,10
56.11,22
56.12,20
56.13,16
56.14,22
56.15,22
56.16,22
56.17,32
56.18,26
56.19,16
56.2,24
56.21,18
56.22,10
56.23,24
56.24,16
56.25,12
56.26,12
56.27,16
56.28,12
56.29,22
56.3,8
56.31,12
56.32,20
56.33,16
56.34,14
56.35,14
56.36,12
56.37,32
56.38,26
56.39,16
56.4,6
56.41,8
56.42,16
56.43,10
56.44,10
56.45,26
56.46,24
56.47,22
56.48,12
56.49,26
56.5,14
56.51,14
56.52,12
56.53,6
56.54,12
56.55,16
56.56,24
56.57,18
56.58,18
56.59,10
56.6,14
56.61,16
56.62,8
56.63,16
56.64,10
56.65,10
56.66,12
56.67,18
56.68,4
56.69,12
56.7,14
56.71,18
56.72,16
56.73,12
56.74,18
56.75,6
56.76,14
56.77,18
56.78,8
56.79,8
56.8,16
56.81,6
56.82,22
56.83,8
56.84,18
56.85,16
56.86,20
56.87,12
56.88,12
56.89,22
56.9,16
56.91,10
56.92,12
56.93,2
56.94,4
56.95,16
56.96,12
56.97,16
56.98,8
56.99,18
57,8
57.01,6
57.02,8
57.03,6
57.04,10
57.05,6
57.06,2
57.07,12
57.08,4
57.09,14
57.1,8
57.11,12
57.12,10
57.13,6
57.14,6
57.15,12
57.16,14
57.17,4
57.18,6
57.19,8
57.2,6
57.21,6
57.22,6
57.23,8
57.24,12
57.25,2
57.26,10
57.27,6
57.28,10
57.29,12
57.3,10
57.31,8
57.32,6
57.33,10
57.34,8
57.35,4
57.36,4
57.37,14
57.38,14
57.39,12
57.4,6
57.41,8
57.42,6
57.43,12
57.44,6
57.45,14
57.46,8
57.47,10
57.48,10
57.49,10
57.5,4
57.51,4
57.52,2
57.53,6
57.54,10
57.55,4
57.56,12
57.57,6
57.58,4
57.59,4
57.6,10
57.61,6
57.62,4
57.63,10
57.64,12
57.65,6
57.66,8
57.67,6
57.68,6
57.69,2
57.7,14
57.71,2
57.72,14
57.73,2
57.74,10
57.75,4
57.76,12
57.77,2
57.78,8
57.79,4
57.8,10
57.81,10
57.82,4
57.83,12
57.84,8
57.85,4
57.86,10
57.87,2
57.88,6
57.89,4
57.9,4
57.91,6
57.92,10
57.93,6
57.94,6
57.95,8
57.96,4
57.97,6
57.98,4
57.99,8
58,4
58.01,4
58.02,8
58.03,10
58.04,4
58.05,4
58.06,0.000001
58.07,2
58.08,6
58.09,4
58.1,6
58.11,10
58.12,6
58.13,10
58.14,2
58.15,2
58.16,6
58.17,14
58.18,8
58.19,2
58.2,8
58.21,8
58.22,12
58.23,6
58.24,0.000001
58.25,6
58.26,6
58.27,12
58.28,6
58.29,8
58.3,4
58.31,6
58.32,10
58.33,10
58.34,2
58.35,0.000001
58.36,8
58.37,8
58.38,8
58.39,2
58.4,12
58.41,6
58.42,2
58.43,4
58.44,4
58.45,6
58.46,12
58.47,12
58.48,12
58.49,6
58.5,6
58.51,2
58.52,6
58.53,8
58.54,2
58.55,10
58.56,6
58.57,6
58.58,10
58.59,6
58.6,6
58.61,6
58.62,10
58.63,8
58.64,10
58.65,4
58.66,8
58.67,8
58.68,8
58.69,6
58.7,8
58.71,10
58.72,2
58.73,6
58.74,6
58.75,6
58.76,4
58.77,4
58.78,4
58.79,8
58.8,4
58.81,8
58.82,6
58.83,4
58.84,14
58.85,4
58.86,10
58.87,4
58.88,4
58.89,6
58.9,16
58.91,2
58.92,4
58.93,4
58.94,2
58.95,6
58.96,8
58.97,8
58.98,8
58.99,2
59,2
59.01,10
59.02,8
59.03,6
59.04,4
59.05,4
59.06,8
59.07,2
59.08,16
59.09,4
59.1,8
59.11,2
59.12,8
59.13,8
59.14,6
59.15,0.000001
59.16,4
59.17,6
59.18,12
59.19,4
59.2,8
59.21,8
59.22,10
59.23,6
59.24,0.000001
59.25,4
59.26,2
59.27,2
59.28,12
59.29,6
59.3,12
59.31,4
59.32,8
59.33,6
59.34,4
59.35,6
59.36,6
59.37,8
59.38,6
59.39,8
59.4,4
59.41,14
59.42,6
59.43,4
59.44,2
59.45,10
59.46,8
59.47,10
59.48,4
59.49,14
59.5,6
59.51,2
59.52,8
59.53,8
59.54,2
59.55,6
59.56,2
59.57,6
59.58,2
59.59,4
59.6,8
59.61,6
59.62,8
59.63,6
59.64,6
59.65,8
59.66,4
59.67,4
59.68,4
59.69,4
59.7,6
59.71,6
59.72,4
59.73,4
59.74,2
59.75,6
59.76,2
59.77,4
59.78,6
59.79,12
59.8,6
59.81,8
59.82,10
59.83,8
59.84,6
59.85,4
59.86,6
59.87,6
59.88,6
59.89,2
59.9,6
59.91,12
59.92,6
59.93,2
59.94,12
59.95,6
59.96,6
59.97,4
59.98,10
59.99,2
60,10