10,117
10.02,115
10.04,93
10.06,103
10.08,103
10.1,111
10.12,98
10.14,125
10.16,114
10.18,142
10.2,101
10.22,115
10.24,114
10.26,103
10.28,112
10.3,101
10.32,97
10.34,94
10.36,112
10.38,100
10.4,110
10.42,107
10.44,127
10.46,140
10.48,102
10.5,121
10.52,119
10.54,118
10.56,104
10.58,114
10.6,95
10.62,111
10.64,119
10.66,108
10.68,109
10.7,121
10.72,100
10.74,118
10.76,110
10.78,121
10.8,131
10.82,120
10.84,114
10.86,103
10.88,101
10.9,122
10.92,126
10.94,107
10.96,108
10.98,118
11,112
11.02,118
11.04,123
11.06,116
11.08,103
11.1,132
11.12,93
11.14,114
11.16,99
11.18,87
11.2,118
11.22,132
11.24,109
11.26,106
11.28,116
11.3,99
11.32,110
11.34,129
11.36,105
11.38,119
11.4,123
11.42,112
11.44,110
11.46,131
11.48,96
11.5,98
11.52,88
11.54,99
11.56,94
11.58,113
11.6,121
11.62,109
11.64,121
11.66,117
11.68,109
11.7,108
11.72,108
11.74,113
11.76,114
11.78,124
11.8,122
11.82,111
11.84,126
11.86,116
11.88,108
11.9,108
11.92,111
11.94,96
11.96,119
11.98,120
12,105
12.02,104
12.04,104
12.06,109
12.08,107
12.1,116
12.12,127
12.14,109
12.16,97
12.18,112
12.2,113
12.22,119
12.24,121
12.26,120
12.28,98
12.3,113
12.32,127
12.34,91
12.36,110
12.38,107
12.4,118
12.42,112
12.44,111
12.46,124
12.48,116
12.5,119
12.52,99
12.54,97
12.56,108
12.58,106
12.6,107
12.62,107
12.64,129
12.66,104
12.68,119
12.7,113
12.72,118
12.74,114
12.76,102
12.78,93
12.8,101
12.82,91
12.84,98
12.86,101
12.88,123
12.9,114
12.92,94
12.94,109
12.96,103
12.98,116
13,104
13.02,98
13.04,100
13.06,133
13.08,98
13.1,133
13.12,99
13.14,112
13.16,108
13.18,117
13.2,128
13.22,114
13.24,107
13.26,143
13.28,105
13.3,115
13.32,128
13.34,128
13.36,108
13.38,114
13.4,100
13.42,113
13.44,121
13.46,114
13.48,111
13.5,138
13.52,110
13.54,115
13.56,114
13.58,95
13.6,122
13.62,114
13.64,117
13.66,115
13.68,101
13.7,120
13.72,119
13.74,99
13.76,101
13.78,117
13.8,135
13.82,134
13.84,139
13.86,109
13.88,108
13.9,131
13.92,124
13.94,119
13.96,128
13.98,126
14,93
14.02,120
14.04,124
14.06,129
14.08,119
14.1,118
14.12,133
14.14,142
14.16,120
14.18,127
14.2,131
14.22,108
14.24,141
14.26,124
14.28,120
14.3,102
14.32,127
14.34,137
14.36,131
14.38,135
14.4,129
14.42,120
14.44,115
14.46,129
14.48,109
14.5,107
14.52,131
14.54,141
14.56,108
14.58,130
14.6,143
14.62,121
14.64,127
14.66,108
14.68,121
14.7,133
14.72,120
14.74,126
14.76,114
14.78,127
14.8,122
14.82,126
14.84,122
14.86,120
14.88,122
14.9,110
14.92,119
14.94,134
14.96,130
14.98,138
15,116
15.02,122
15.04,116
15.06,137
15.08,127
15.1,132
15.12,132
15.14,153
15.16,157
15.18,136
15.2,125
15.22,152
15.24,125
15.26,137
15.28,121
15.3,112
15.32,129
15.34,115
15.36,120
15.38,138
15.4,136
15.42,115
15.44,130
15.46,158
15.48,134
15.5,135
15.52,137
15.54,137
15.56,120
15.58,144
15.6,146
15.62,135
15.64,122
15.66,128
15.68,140
15.7,139
15.72,155
15.74,134
15.76,138
15.78,121
15.8,141
15.82,139
15.84,136
15.86,148
15.88,127
15.9,140
15.92,143
15.94,133
15.96,141
15.98,126
16,150
16.02,136
16.04,155
16.06,130
16.08,128
16.1,148
16.12,149
16.14,154
16.16,133
16.18,152
16.2,136
16.22,130
16.24,150
16.26,153
16.28,118
16.3,131
16.32,151
16.34,117
16.36,140
16.38,159
16.4,154
16.42,141
16.44,164
16.46,151
16.48,135
16.5,146
16.52,148
16.54,110
16.56,133
16.58,150
16.6,127
16.62,140
16.64,151
16.66,116
16.68,153
16.7,131
16.72,122
16.74,173
16.76,164
16.78,131
16.8,146
16.82,142
16.84,159
16.86,161
16.88,138
16.9,146
16.92,168
16.94,152
16.96,134
16.98,150
17,160
17.02,136
17.04,145
17.06,152
17.08,151
17.1,138
17.12,124
17.14,157
17.16,156
17.18,137
17.2,157
17.22,147
17.24,133
17.26,154
17.28,171
17.3,135
17.32,139
17.34,159
17.36,165
17.38,139
17.4,149
17.42,123
17.44,161
17.46,132
17.48,162
17.5,136
17.52,156
17.54,138
17.56,157
17.58,154
17.6,141
17.62,137
17.64,141
17.66,144
17.68,156
17.7,140
17.72,148
17.74,134
17.76,137
17.78,163
17.8,144
17.82,144
17.84,141
17.86,175
17.88,163
17.9,155
17.92,130
17.94,151
17.96,136
17.98,150
18,156
18.02,142
18.04,160
18.06,163
18.08,144
18.1,145
18.12,128
18.14,141
18.16,160
18.18,146
18.2,139
18.22,137
18.24,150
18.26,150
18.28,145
18.3,137
18.32,152
18.34,133
18.36,164
18.38,150
18.4,139
18.42,164
18.44,158
18.46,143
18.48,146
18.5,151
18.52,144
18.54,137
18.56,136
18.58,142
18.6,156
18.62,145
18.64,126
18.66,132
18.68,138
18.7,134
18.72,149
18.74,156
18.76,153
18.78,140
18.8,141
18.82,148
18.84,141
18.86,147
18.88,134
18.9,130
18.92,140
18.94,155
18.96,136
18.98,136
19,140
19.02,132
19.04,137
19.06,136
19.08,158
19.1,142
19.12,134
19.14,138
19.16,150
19.18,139
19.2,143
19.22,124
19.24,133
19.26,149
19.28,124
19.3,155
19.32,139
19.34,145
19.36,131
19.38,134
19.4,148
19.42,124
19.44,129
19.46,142
19.48,128
19.5,153
19.52,138
19.54,130
19.56,142
19.58,145
19.6,132
19.62,124
19.64,142
19.66,134
19.68,132
19.7,133
19.72,137
19.74,142
19.76,123
19.78,125
19.8,155
19.82,154
19.84,127
19.86,139
19.88,150
19.9,137
19.92,154
19.94,142
19.96,143
19.98,157
20,133
20.02,127
20.04,122
20.06,121
20.08,132
20.1,134
20.12,129
20.14,165
20.16,142
20.18,108
20.2,143
20.22,124
20.24,127
20.26,129
20.28,154
20.3,130
20.32,143
20.34,128
20.36,126
20.38,159
20.4,148
20.42,130
20.44,146
20.46,133
20.48,122
20.5,132
20.52,161
20.54,156
20.56,147
20.58,125
20.6,135
20.62,120
20.64,99
20.66,132
20.68,126
20.7,125
20.72,143
20.74,126
20.76,152
20.78,127
20.8,131
20.82,129
20.84,126
20.86,128
20.88,148
20.9,135
20.92,114
20.94,151
20.96,132
20.98,128
21,138
21.02,135
21.04,132
21.06,121
21.08,128
21.1,125
21.12,123
21.14,111
21.16,135
21.18,98
21.2,131
21.22,147
21.24,141
21.26,117
21.28,128
21.3,115
21.32,129
21.34,131
21.36,127
21.38,130
21.4,154
21.42,134
21.44,128
21.46,133
21.48,147
21.5,153
21.52,139
21.54,116
21.56,144
21.58,141
21.6,137
21.62,127
21.64,143
21.66,151
21.68,141
21.7,136
21.72,127
21.74,140
21.76,127
21.78,125
21.8,133
21.82,121
21.84,114
21.86,136
21.88,132
21.9,119
21.92,134
21.94,125
21.96,142
21.98,139
22,126
22.02,136
22.04,117
22.06,110
22.08,126
22.1,124
22.12,126
22.14,132
22.16,121
22.18,120
22.2,112
22.22,113
22.24,110
22.26,117
22.28,101
22.3,128
22.32,94
22.34,125
22.36,134
22.38,100
22.4,122
22.42,105
22.44,114
22.46,92
22.48,111
22.5,123
22.52,114
22.54,111
22.56,118
22.58,116
22.6,103
22.62,111
22.64,138
22.66,122
22.68,120
22.7,123
22.72,132
22.74,131
22.76,108
22.78,125
22.8,165
22.82,152
22.84,185
22.86,421
22.88,5852
22.9,34312
22.92,34195
22.94,35389
22.96,24443
22.98,1996
23,1064
23.02,794
23.04,652
23.06,567
23.08,492
23.1,412
23.12,384
23.14,342
23.16,355
23.18,355
23.2,347
23.22,337
23.24,326
23.26,338
23.28,353
23.3,319
23.32,367
23.34,376
23.36,323
23.38,338
23.4,348
23.42,370
23.44,347
23.46,346
23.48,320
23.5,366
23.52,358
23.54,371
23.56,375
23.58,373
23.6,358
23.62,381
23.64,325
23.66,380
23.68,394
23.7,343
23.72,373
23.74,376
23.76,353
23.78,384
23.8,333
23.82,378
23.84,326
23.86,346
23.88,352
23.9,361
23.92,330
23.94,361
23.96,334
23.98,310
24,335
24.02,306
24.04,272
24.06,290
24.08,316
24.1,307
24.12,276
24.14,307
24.16,264
24.18,302
24.2,279
24.22,303
24.24,266
24.26,275
24.28,260
24.3,244
24.32,252
24.34,249
24.36,241
24.38,242
24.4,221
24.42,224
24.44,205
24.46,191
24.48,200
24.5,209
24.52,196
24.54,194
24.56,186
24.58,184
24.6,195
24.62,181
24.64,166
24.66,164
24.68,151
24.7,153
24.72,162
24.74,142
24.76,128
24.78,113
24.8,134
24.82,159
24.84,141
24.86,127
24.88,147
24.9,117
24.92,121
24.94,120
24.96,108
24.98,113
25,100
25.02,127
25.04,101
25.06,103
25.08,104
25.1,104
25.12,85
25.14,109
25.16,97
25.18,100
25.2,98
25.22,81
25.24,107
25.26,87
25.28,103
25.3,93
25.32,95
25.34,98
25.36,91
25.38,88
25.4,97
25.42,109
25.44,106
25.46,106
25.48,99
25.5,116
25.52,92
25.54,107
25.56,108
25.58,86
25.6,110
25.62,99
25.64,88
25.66,97
25.68,102
25.7,90
25.72,90
25.74,106
25.76,85
25.78,99
25.8,79
25.82,88
25.84,100
25.86,99
25.88,105
25.9,119
25.92,82
25.94,90
25.96,100
25.98,95
26,105
26.02,99
26.04,89
26.06,93
26.08,95
26.1,83
26.12,104
26.14,100
26.16,82
26.18,97
26.2,93
26.22,95
26.24,77
26.26,85
26.28,79
26.3,90
26.32,77
26.34,80
26.36,88
26.38,89
26.4,96
26.42,96
26.44,71
26.46,96
26.48,80
26.5,73
26.52,76
26.54,92
26.56,76
26.58,88
26.6,90
26.62,88
26.64,97
26.66,91
26.68,97
26.7,70
26.72,85
26.74,89
26.76,67
26.78,86
26.8,58
26.82,87
26.84,92
26.86,73
26.88,81
26.9,71
26.92,72
26.94,76
26.96,76
26.98,89
27,87
27.02,82
27.04,70
27.06,71
27.08,87
27.1,81
27.12,85
27.14,86
27.16,80
27.18,76
27.2,76
27.22,72
27.24,86
27.26,69
27.28,68
27.3,81
27.32,66
27.34,88
27.36,82
27.38,82
27.4,87
27.42,68
27.44,74
27.46,79
27.48,80
27.5,81
27.52,76
27.54,85
27.56,72
27.58,86
27.6,63
27.62,70
27.64,65
27.66,65
27.68,72
27.7,75
27.72,69
27.74,65
27.76,61
27.78,59
27.8,77
27.82,61
27.84,81
27.86,72
27.88,72
27.9,80
27.92,72
27.94,78
27.96,63
27.98,74
28,70
28.02,71
28.04,74
28.06,75
28.08,65
28.1,79
28.12,56
28.14,57
28.16,60
28.18,73
28.2,71
28.22,77
28.24,68
28.26,62
28.28,62
28.3,80
28.32,79
28.34,70
28.36,59
28.38,69
28.4,63
28.42,70
28.44,64
28.46,74
28.48,68
28.5,71
28.52,69
28.54,80
28.56,65
28.58,81
28.6,64
28.62,70
28.64,61
28.66,63
28.68,60
28.7,67
28.72,80
28.74,64
28.76,68
28.78,73
28.8,72
28.82,81
28.84,51
28.86,71
28.88,85
28.9,67
28.92,60
28.94,60
28.96,78
28.98,77
29,80
29.02,72
29.04,55
29.06,68
29.08,71
29.1,42
29.12,62
29.14,78
29.16,65
29.18,69
29.2,57
29.22,74
29.24,59
29.26,71
29.28,59
29.3,61
29.32,79
29.34,55
29.36,68
29.38,72
29.4,52
29.42,72
29.44,66
29.46,58
29.48,68
29.5,69
29.52,74
29.54,67
29.56,55
29.58,65
29.6,59
29.62,74
29.64,55
29.66,80
29.68,68
29.7,68
29.72,74
29.74,57
29.76,43
29.78,62
29.8,74
29.82,54
29.84,65
29.86,59
29.88,52
29.9,69
29.92,67
29.94,59
29.96,60
29.98,58
30,60
30.02,73
30.04,65
30.06,54
30.08,70
30.1,61
30.12,63
30.14,68
30.16,63
30.18,68
30.2,59
30.22,73
30.24,63
30.26,67
30.28,56
30.3,61
30.32,61
30.34,50
30.36,48
30.38,54
30.4,71
30.42,61
30.44,82
30.46,73
30.48,56
30.5,72
30.52,60
30.54,62
30.56,73
30.58,64
30.6,51
30.62,66
30.64,58
30.66,51
30.68,76
30.7,76
30.72,50
30.74,56
30.76,52
30.78,71
30.8,66
30.82,50
30.84,62
30.86,57
30.88,55
30.9,65
30.92,61
30.94,52
30.96,63
30.98,66
31,55
31.02,59
31.04,52
31.06,55
31.08,60
31.1,66
31.12,58
31.14,58
31.16,59
31.18,65
31.2,61
31.22,65
31.24,64
31.26,78
31.28,61
31.3,66
31.32,59
31.34,55
31.36,51
31.38,51
31.4,60
31.42,59
31.44,65
31.46,57
31.48,61
31.5,61
31.52,61
31.54,45
31.56,51
31.58,78
31.6,63
31.62,68
31.64,41
31.66,53
31.68,58
31.7,75
31.72,54
31.74,62
31.76,44
31.78,53
31.8,44
31.82,67
31.84,61
31.86,64
31.88,43
31.9,55
31.92,51
31.94,62
31.96,50
31.98,65
32,52
32.02,44
32.04,41
32.06,58
32.08,51
32.1,50
32.12,53
32.14,64
32.16,53
32.18,63
32.2,56
32.22,50
32.24,45
32.26,53
32.28,46
32.3,48
32.32,57
32.34,68
32.36,62
32.38,60
32.4,41
32.42,58
32.44,53
32.46,56
32.48,44
32.5,75
32.52,59
32.54,64
32.56,50
32.58,46
32.6,56
32.62,53
32.64,54
32.66,62
32.68,60
32.7,58
32.72,65
32.74,57
32.76,57
32.78,48
32.8,53
32.82,56
32.84,61
32.86,50
32.88,59
32.9,53
32.92,51
32.94,57
32.96,56
32.98,56
33,45
33.02,56
33.04,57
33.06,49
33.08,54
33.1,59
33.12,53
33.14,43
33.16,58
33.18,49
33.2,65
33.22,55
33.24,48
33.26,55
33.28,48
33.3,56
33.32,57
33.34,65
33.36,52
33.38,63
33.4,60
33.42,53
33.44,57
33.46,50
33.48,52
33.5,51
33.52,49
33.54,54
33.56,58
33.58,45
33.6,53
33.62,39
33.64,48
33.66,60
33.68,50
33.7,50
33.72,62
33.74,51
33.76,50
33.78,51
33.8,50
33.82,45
33.84,49
33.86,51
33.88,46
33.9,43
33.92,59
33.94,54
33.96,46
33.98,45
34,41
34.02,55
34.04,52
34.06,42
34.08,54
34.1,42
34.12,51
34.14,37
34.16,48
34.18,55
34.2,49
34.22,46
34.24,63
34.26,52
34.28,51
34.3,59
34.32,43
34.34,54
34.36,49
34.38,49
34.4,44
34.42,34
34.44,47
34.46,45
34.48,50
34.5,52
34.52,53
34.54,63
34.56,51
34.58,47
34.6,67
34.62,51
34.64,30
34.66,57
34.68,49
34.7,55
34.72,33
34.74,43
34.76,51
34.78,50
34.8,39
34.82,64
34.84,45
34.86,54
34.88,47
34.9,40
34.92,54
34.94,45
34.96,28
34.98,47
35,50
35.02,57
35.04,56
35.06,53
35.08,56
35.1,46
35.12,39
35.14,44
35.16,42
35.18,53
35.2,48
35.22,57
35.24,42
35.26,52
35.28,49
35.3,40
35.32,40
35.34,50
35.36,44
35.38,47
35.4,46
35.42,46
35.44,55
35.46,41
35.48,46
35.5,53
35.52,51
35.54,47
35.56,44
35.58,43
35.6,61
35.62,51
35.64,46
35.66,46
35.68,40
35.7,50
35.72,45
35.74,57
35.76,37
35.78,39
35.8,51
35.82,46
35.84,49
35.86,36
35.88,39
35.9,49
35.92,40
35.94,44
35.96,54
35.98,38
36,49
36.02,56
36.04,54
36.06,43
36.08,52
36.1,60
36.12,43
36.14,36
36.16,66
36.18,46
36.2,42
36.22,47
36.24,50
36.26,37
36.28,49
36.3,57
36.32,56
36.34,43
36.36,43
36.38,57
36.4,41
36.42,37
36.44,46
36.46,40
36.48,43
36.5,50
36.52,42
36.54,46
36.56,31
36.58,43
36.6,53
36.62,42
36.64,45
36.66,48
36.68,37
36.7,50
36.72,37
36.74,38
36.76,44
36.78,32
36.8,52
36.82,41
36.84,41
36.86,47
36.88,45
36.9,46
36.92,52
36.94,46
36.96,40
36.98,45
37,38
37.02,41
37.04,43
37.06,51
37.08,42
37.1,49
37.12,43
37.14,47
37.16,44
37.18,34
37.2,46
37.22,38
37.24,33
37.26,47
37.28,48
37.3,47
37.32,46
37.34,44
37.36,38
37.38,42
37.4,40
37.42,46
37.44,44
37.46,31
37.48,34
37.5,42
37.52,48
37.54,49
37.56,47
37.58,37
37.6,39
37.62,45
37.64,42
37.66,54
37.68,46
37.7,43
37.72,33
37.74,64
37.76,44
37.78,36
37.8,43
37.82,48
37.84,34
37.86,47
37.88,48
37.9,35
37.92,39
37.94,43
37.96,42
37.98,40
38,59
38.02,41
38.04,31
38.06,39
38.08,48
38.1,43
38.12,44
38.14,48
38.16,49
38.18,39
38.2,47
38.22,44
38.24,35
38.26,51
38.28,40
38.3,46
38.32,47
38.34,51
38.36,32
38.38,35
38.4,47
38.42,45
38.44,52
38.46,58
38.48,41
38.5,40
38.52,40
38.54,43
38.56,50
38.58,41
38.6,46
38.62,47
38.64,38
38.66,50
38.68,34
38.7,48
38.72,42
38.74,42
38.76,46
38.78,45
38.8,28
38.82,47
38.84,36
38.86,43
38.88,39
38.9,33
38.92,42
38.94,50
38.96,41
38.98,45
39,49
39.02,41
39.04,41
39.06,42
39.08,46
39.1,40
39.12,48
39.14,48
39.16,44
39.18,40
39.2,38
39.22,32
39.24,43
39.26,43
39.28,53
39.3,38
39.32,45
39.34,44
39.36,48
39.38,43
39.4,43
39.42,43
39.44,32
39.46,48
39.48,45
39.5,35
39.52,48
39.54,50
39.56,35
39.58,42
39.6,53
39.62,41
39.64,31
39.66,56
39.68,47
39.7,43
39.72,40
39.74,54
39.76,33
39.78,41
39.8,48
39.82,40
39.84,46
39.86,38
39.88,52
39.9,41
39.92,49
39.94,37
39.96,48
39.98,51
40,42
40.02,43
40.04,42
40.06,41
40.08,39
40.1,39
40.12,50
40.14,45
40.16,53
40.18,35
40.2,42
40.22,49
40.24,43
40.26,35
40.28,51
40.3,38
40.32,47
40.34,52
40.36,34
40.38,46
40.4,39
40.42,46
40.44,37
40.46,35
40.48,46
40.5,45
40.52,41
40.54,47
40.56,46
40.58,54
40.6,39
40.62,56
40.64,59
40.66,56
40.68,34
40.7,31
40.72,36
40.74,34
40.76,48
40.78,38
40.8,35
40.82,45
40.84,44
40.86,37
40.88,41
40.9,37
40.92,50
40.94,44
40.96,63
40.98,45
41,49
41.02,45
41.04,49
41.06,47
41.08,48
41.1,45
41.12,52
41.14,43
41.16,56
41.18,35
41.2,40
41.22,44
41.24,45
41.26,48
41.28,40
41.3,33
41.32,39
41.34,50
41.36,46
41.38,48
41.4,41
41.42,45
41.44,52
41.46,38
41.48,45
41.5,28
41.52,48
41.54,44
41.56,37
41.58,42
41.6,42
41.62,46
41.64,47
41.66,30
41.68,42
41.7,54
41.72,53
41.74,44
41.76,52
41.78,36
41.8,33
41.82,42
41.84,43
41.86,51
41.88,42
41.9,39
41.92,43.5
41.94,49.5
41.96,33
41.98,55.5
42,67.5
42.02,33
42.04,64.5
42.06,43.5
42.08,48
42.1,54
42.12,55.5
42.14,43.5
42.16,57
42.18,43.5
42.2,48
42.22,58.5
42.24,58.5
42.26,46.5
42.28,51
42.3,48
42.32,63
42.34,55.5
42.36,52.5
42.38,60
42.4,58.5
42.42,39
42.44,72
42.46,54
42.48,61.5
42.5,64.5
42.52,57
42.54,49.5
42.56,55.5
42.58,49.5
42.6,49.5
42.62,54
42.64,52.5
42.66,42
42.68,52.5
42.7,52.5
42.72,61.5
42.74,57
42.76,54
42.78,48
42.8,54
42.82,51
42.84,42
42.86,52.5
42.88,61.5
42.9,60
42.92,37.5
42.94,37.5
42.96,39
42.98,57
43,43.5
43.02,37.5
43.04,42
43.06,43.5
43.08,46.5
43.1,48
43.12,42
43.14,40.5
43.16,52.5
43.18,34.5
43.2,54
43.22,43.5
43.24,45
43.26,36
43.28,58.5
43.3,43.5
43.32,63
43.34,37.5
43.36,63
43.38,54
43.4,69
43.42,72
43.44,72
43.46,78
43.48,81
43.5,66
43.52,67.5
43.54,67.5
43.56,100.5
43.58,75
43.6,87
43.62,66
43.64,81
43.66,69
43.68,81
43.7,88.5
43.72,85.5
43.74,84
43.76,88.5
43.78,73.5
43.8,93
43.82,96
43.84,85.5
43.86,90
43.88,91.5
43.9,100.5
43.92,87
43.94,96
43.96,93
43.98,87
44,78
44.02,103.5
44.04,75
44.06,79.5
44.08,72
44.1,55.5
44.12,69
44.14,82.5
44.16,78
44.18,79.5
44.2,73.5
44.22,64.5
44.24,69
44.26,87
44.28,78
44.3,58.5
44.32,51
44.34,48
44.36,39
44.38,46.5
44.4,31.5
44.42,70.5
44.44,34.5
44.46,72
44.48,46.5
44.5,61.5
44.52,64.5
44.54,54
44.56,66
44.58,54
44.6,52.5
44.62,57
44.64,58.5
44.66,73.5
44.68,75
44.7,73.5
44.72,85.5
44.74,79.5
44.76,64.5
44.78,97.5
44.8,82.5
44.82,105
44.84,105
44.86,99
44.88,90
44.9,112.5
44.92,120
44.94,108
44.96,123
44.98,87
45,142.5
45.02,159
45.04,153
45.06,141
45.08,166.5
45.1,141
45.12,153
45.14,195
45.16,162
45.18,184.5
45.2,192
45.22,150
45.24,172.5
45.26,177
45.28,180
45.3,204
45.32,189
45.34,196.5
45.36,190.5
45.38,196.5
45.4,175.5
45.42,168
45.44,186
45.46,214.5
45.48,157.5
45.5,178.5
45.52,186
45.54,189
45.56,171
45.58,159
45.6,169.5
45.62,169.5
45.64,153
45.66,133.5
45.68,124.5
45.7,156
45.72,120
45.74,124.5
45.76,127.5
45.78,117
45.8,112.5
45.82,87
45.84,108
45.86,115.5
45.88,75
45.9,90
45.92,94.5
45.94,82.5
45.96,99
45.98,130.5
46,100.5
46.02,114
46.04,97.5
46.06,111
46.08,118.5
46.1,121.5
46.12,135
46.14,178.5
46.16,165
46.18,190.5
46.2,217.5
46.22,240
46.24,246
46.26,261
46.28,316.5
46.3,391.5
46.32,406.5
46.34,445.5
46.36,508.5
46.38,552
46.4,712.5
46.42,687
46.44,790.5
46.46,885
46.48,1030.5
46.5,1233
46.52,1375.5
46.54,1504.5
46.56,1792.5
46.58,2197.5
46.6,2638.5
46.62,3280.5
46.64,3840
46.66,5208
46.68,6609
46.7,8599.5
46.72,11653.5
46.74,16407
46.76,23208
46.78,35014.5
46.8,57897
46.82,112752
46.84,325399.5
46.86,1770000
46.88,5071080
46.9,4746510
46.92,884781
46.94,318735
46.96,175566
46.98,109762.5
47,71740.5
47.02,48696
47.04,32845.5
47.06,21609
47.08,13906.5
47.1,9054
47.12,6168
47.14,4303.5
47.16,3610.5
47.18,2896.5
47.2,2451
47.22,2248.5
47.24,2019
47.26,1773
47.28,1731
47.3,1572
47.32,1575
47.34,1536
47.36,1389
47.38,1399.5
47.4,1351.5
47.42,1350
47.44,1258.5
47.46,1351.5
47.48,1264.5
47.5,1312.5
47.52,1330.5
47.54,1284
47.56,1306.5
47.58,1264.5
47.6,1321.5
47.62,1296
47.64,1278
47.66,1297.5
47.68,1269
47.7,1215
47.72,1264.5
47.74,1312.5
47.76,1176
47.78,1204.5
47.8,1182
47.82,1291.5
47.84,1185
47.86,1231.5
47.88,1101
47.9,1147.5
47.92,1113
47.94,1183.5
47.96,1128
47.98,1089
48,1141.5
48.02,1080
48.04,1057.5
48.06,1101
48.08,1026
48.1,1002
48.12,1006.5
48.14,991.5
48.16,966
48.18,1011
48.2,976.5
48.22,982.5
48.24,940.5
48.26,874.5
48.28,910.5
48.3,939
48.32,924
48.34,835.5
48.36,891
48.38,841.5
48.4,801
48.42,828
48.44,838.5
48.46,733.5
48.48,694.5
48.5,754.5
48.52,717
48.54,757.5
48.56,711
48.58,661.5
48.6,673.5
48.62,672
48.64,652.5
48.66,598.5
48.68,592.5
48.7,616.5
48.72,577.5
48.74,564
48.76,568.5
48.78,511.5
48.8,469.5
48.82,486
48.84,516
48.86,513
48.88,502.5
48.9,463.5
48.92,436.5
48.94,444
48.96,441
48.98,400.5
49,421.5
49.02,351
49.04,343.5
49.06,378
49.08,399
49.1,351
49.12,324
49.14,333
49.16,373.5
49.18,333
49.2,307.5
49.22,303
49.24,307.5
49.26,273
49.28,265.5
49.3,261
49.32,259.5
49.34,220.5
49.36,220.5
49.38,201
49.4,208.5
49.42,198
49.44,192
49.46,207
49.48,184.5
49.5,204
49.52,151.5
49.54,190.5
49.56,165
49.58,163.5
49.6,151.5
49.62,127.5
49.64,129
49.66,139.5
49.68,132
49.7,115.5
49.72,117
49.74,103.5
49.76,121.5
49.78,88.5
49.8,91.5
49.82,102
49.84,91.5
49.86,91.5
49.88,78
49.9,54
49.92,75
49.94,67.5
49.96,55.5
49.98,69
50,45
50.02,90
50.04,72
50.06,63
50.08,52.5
50.1,64.5
50.12,55.5
50.14,63
50.16,48
50.18,63
50.2,54
50.22,46.5
50.24,57
50.26,34.5
50.28,34.5
50.3,30
50.32,31.5
50.34,48
50.36,54
50.38,36
50.4,37.5
50.42,37.5
50.44,42
50.46,45
50.48,43.5
50.5,27
50.52,37.5
50.54,31.5
50.56,40.5
50.58,40.5
50.6,39
50.62,39
50.64,42
50.66,33
50.68,36
50.7,48
50.72,57
50.74,40.5
50.76,27
50.78,43.5
50.8,45
50.82,34.5
50.84,34.5
50.86,31.5
50.88,45
50.9,39
50.92,40.5
50.94,39
50.96,42
50.98,55.5
51,49.5
51.02,43.5
51.04,42
51.06,54
51.08,40.5
51.1,60
51.12,49.5
51.14,40.5
51.16,37.5
51.18,48
51.2,40.5
51.22,49.5
51.24,37.5
51.26,46.5
51.28,64.5
51.3,39
51.32,39
51.34,48
51.36,37.5
51.38,39
51.4,33
51.42,42
51.44,33
51.46,34.5
51.48,30
51.5,36
51.52,36
51.54,33
51.56,46.5
51.58,27
51.6,34.5
51.62,51
51.64,31.5
51.66,30
51.68,30
51.7,36
51.72,36
51.74,36
51.76,30
51.78,22.5
51.8,24
51.82,30
51.84,54
51.86,22.5
51.88,24
51.9,37.5
51.92,30
51.94,33
51.96,28.5
51.98,27
52,42
52.02,27
52.04,33
52.06,40.5
52.08,24
52.1,27
52.12,24
52.14,37.5
52.16,30
52.18,27
52.2,28.5
52.22,31.5
52.24,33
52.26,36
52.28,34.5
52.3,24
52.32,39
52.34,27
52.36,39
52.38,30
52.4,30
52.42,25.5
52.44,27
52.46,21
52.48,18
52.5,33
52.52,33
52.54,24
52.56,28.5
52.58,27
52.6,31.5
52.62,34.5
52.64,42
52.66,27
52.68,39
52.7,28.5
52.72,31.5
52.74,21
52.76,43.5
52.78,37.5
52.8,24
52.82,42
52.84,34.5
52.86,34.5
52.88,33
52.9,31.5
52.92,15
52.94,21
52.96,27
52.98,31.5
53,33
53.02,19.5
53.04,27
53.06,24
53.08,31.5
53.1,31.5
53.12,27
53.14,36
53.16,28.5
53.18,21
53.2,28.5
53.22,24
53.24,28.5
53.26,22.5
53.28,22.5
53.3,36
53.32,30
53.34,18
53.36,40.5
53.38,33
53.4,27
53.42,27
53.44,36
53.46,30
53.48,30
53.5,27
53.52,30
53.54,18
53.56,28.5
53.58,49.5
53.6,27
53.62,21
53.64,28.5
53.66,33
53.68,30
53.7,27
53.72,22.5
53.74,28.5
53.76,36
53.78,40.5
53.8,21
53.82,22.5
53.84,24
53.86,25.5
53.88,27
53.9,33
53.92,25.5
53.94,25.5
53.96,31.5
53.98,28.5
54,19.5
54.02,21
54.04,27
54.06,33
54.08,18
54.1,22.5
54.12,31.5
54.14,33
54.16,21
54.18,25.5
54.2,27
54.22,21
54.24,31.5
54.26,30
54.28,49.5
54.3,22.5
54.32,31.5
54.34,34.5
54.36,34.5
54.38,33
54.4,25.5
54.42,27
54.44,27
54.46,36
54.48,25.5
54.5,27
54.52,19.5
54.54,25.5
54.56,28.5
54.58,36
54.6,21
54.62,33
54.64,12
54.66,19.5
54.68,15
54.7,43.5
54.72,24
54.74,37.5
54.76,31.5
54.78,27
54.8,31.5
54.82,18
54.84,24
54.86,22.5
54.88,22.5
54.9,21
54.92,24
54.94,21
54.96,27
54.98,34.5
55,19.5
55.02,39
55.04,16.5
55.06,25.5
55.08,34.5
55.1,9
55.12,33
55.14,30
55.16,21
55.18,30
55.2,33
55.22,31.5
55.24,25.5
55.26,21
55.28,28.5
55.3,25.5
55.32,24
55.34,27
55.36,27
55.38,18
55.4,30
55.42,22.5
55.44,28.5
55.46,30
55.48,33
55.5,13.5
55.52,15
55.54,33
55.56,33
55.58,37.5
55.6,24
55.62,25.5
55.64,25.5
55.66,24
55.68,30
55.7,28.5
55.72,18
55.74,24
55.76,28.5
55.78,31.5
55.8,33
55.82,33
55.84,25.5
55.86,34.5
55.88,27
55.9,28.5
55.92,27
55.94,28.5
55.96,21
55.98,31.5
56,19.5
56.02,30
56.04,24
56.06,27
56.08,30
56.1,30
56.12,33
56.14,30
56.16,34.5
56.18,27
56.2,27
56.22,27
56.24,31.5
56.26,24
56.28,39
56.3,27
56.32,30
56.34,19.5
56.36,40.5
56.38,18
56.4,37.5
56.42,24
56.44,22.5
56.46,18
56.48,22.5
56.5,28.5
56.52,39
56.54,30
56.56,27
56.58,25.5
56.6,28.5
56.62,15
56.64,21
56.66,28.5
56.68,34.5
56.7,40.5
56.72,31.5
56.74,24
56.76,24
56.78,25.5
56.8,22.5
56.82,13.5
56.84,30
56.86,22.5
56.88,33
56.9,22.5
56.92,25.5
56.94,24
56.96,22.5
56.98,21
57,30
57.02,16.5
57.04,22.5
57.06,22.5
57.08,19.5
57.1,24
57.12,30
57.14,18
57.16,27
57.18,15
57.2,21
57.22,24
57.24,22.5
57.26,25.5
57.28,19.5
57.3,18
57.32,21
57.34,30
57.36,16.5
57.38,28.5
57.4,27
57.42,22.5
57.44,36
57.46,21
57.48,13.5
57.5,30
57.52,27
57.54,18
57.56,24
57.58,30
57.6,22.5
57.62,22.5
57.64,24
57.66,27
57.68,18
57.7,27
57.72,30
57.74,22.5
57.76,21
57.78,15
57.8,27
57.82,22.5
57.84,18
57.86,24
57.88,31.5
57.9,27
57.92,27
57.94,24
57.96,22.5
57.98,30
58,18
58.02,40.5
58.04,25.5
58.06,30
58.08,46.5
58.1,30
58.12,25.5
58.14,28.5
58.16,25.5
58.18,30
58.2,25.5
58.22,22.5
58.24,21
58.26,24
58.28,24
58.3,13.5
58.32,27
58.34,27
58.36,15
58.38,22.5
58.4,12
58.42,19.5
58.44,28.5
58.46,19.5
58.48,30
58.5,33
58.52,42
58.54,19.5
58.56,21
58.58,30
58.6,16.5
58.62,19.5
58.64,22.5
58.66,22.5
58.68,33
58.7,33
58.72,31.5
58.74,13.5
58.76,27
58.78,25.5
58.8,28.5
58.82,25.5
58.84,28.5
58.86,25.5
58.88,16.5
58.9,33
58.92,25.5
58.94,30
58.96,16.5
58.98,22.5
59,25.5
59.02,25.5
59.04,21
59.06,15
59.08,28.5
59.1,22.5
59.12,34.5
59.14,16.5
59.16,30
59.18,34.5
59.2,18
59.22,22.5
59.24,27
59.26,22.5
59.28,25.5
59.3,19.5
59.32,25.5
59.34,28.5
59.36,18
59.38,30
59.4,16.5
59.42,27
59.44,22.5
59.46,37.5
59.48,22.5
59.5,25.5
59.52,33
59.54,27
59.56,21
59.58,28.5
59.6,18
59.62,34.5
59.64,18
59.66,25.5
59.68,27
59.7,24
59.72,18
59.74,21
59.76,22.5
59.78,22.5
59.8,34.5
59.82,16.5
59.84,28.5
59.86,19.5
59.88,25.5
59.9,36
59.92,27
59.94,22.5
59.96,19.5
59.98,28.5
60,22.5